Tempo (s),V1 (V),V2 (V),V1 - V2 (V)
0.00168,0.08,-0.76,0.84
0.0016804,0.08,-0.76,0.84
0.0016808,0.08,-0.72,0.7999999999999999
0.0016812,0.16,-0.72,0.88
0.0016816000000000001,0.16,-0.68,0.8400000000000001
0.0016820000000000001,0.2,-0.64,0.8400000000000001
0.0016824000000000001,0.28,-0.64,0.92
0.0016828000000000001,0.28,-0.64,0.92
0.0016832000000000001,0.28,-0.64,0.92
0.0016836000000000002,0.28,-0.6,0.88
0.0016840000000000002,0.36,-0.6,0.96
0.0016844000000000002,0.36,-0.6,0.96
0.0016848,0.4,-0.56,0.9600000000000001
0.0016852,0.44,-0.56,1.0
0.0016856,0.44,-0.52,0.96
0.001686,0.48,-0.52,1.0
0.0016864,0.48,-0.48,0.96
0.0016868,0.48,-0.52,1.0
0.0016872,0.56,-0.44,1.0
0.0016876,0.6,-0.48,1.08
0.001688,0.56,-0.48,1.04
0.0016884,0.64,-0.4,1.04
0.0016888,0.64,-0.4,1.04
0.0016892,0.64,-0.36,1.0
0.0016896,0.68,-0.32,1.0
0.00169,0.72,-0.36,1.08
0.0016904,0.72,-0.32,1.04
0.0016908000000000001,0.76,-0.28,1.04
0.0016912000000000001,0.8,-0.28,1.08
0.0016916000000000001,0.8,-0.24,1.04
0.0016920000000000001,0.88,-0.24,1.12
0.0016924000000000002,0.84,-0.2,1.04
0.0016928000000000002,0.92,-0.2,1.12
0.0016932000000000002,0.92,-0.16,1.08
0.0016936,0.96,-0.12,1.08
0.001694,0.96,-0.12,1.08
0.0016944,1.0,-0.16,1.16
0.0016948,1.0,-0.16,1.16
0.0016952,1.04,-0.04,1.08
0.0016956,1.08,-0.08,1.1600000000000001
0.001696,1.08,-0.04,1.12
0.0016964,1.12,-0.08,1.2000000000000002
0.0016968,1.12,0.0,1.12
0.0016972,1.08,0.0,1.08
0.0016976,1.16,0.04,1.1199999999999999
0.001698,1.2,0.04,1.16
0.0016984,1.24,0.08,1.16
0.0016988,1.2,0.08,1.1199999999999999
0.0016992,1.24,0.08,1.16
0.0016996000000000001,1.24,0.12,1.12
0.0017000000000000001,1.24,0.16,1.08
0.0017004000000000001,1.28,0.2,1.08
0.0017008000000000001,1.24,0.16,1.08
0.0017012000000000002,1.24,0.2,1.04
0.0017016000000000002,1.32,0.24,1.08
0.0017020000000000002,1.32,0.28,1.04
0.0017024,1.32,0.28,1.04
0.0017028,1.32,0.28,1.04
0.0017032,1.36,0.24,1.12
0.0017036,1.4000000000000001,0.28,1.12
0.001704,1.36,0.36,1.0
0.0017044,1.4000000000000001,0.36,1.04
0.0017048,1.44,0.36,1.08
0.0017052,1.48,0.36,1.12
0.0017056,1.44,0.4,1.04
0.001706,1.48,0.4,1.08
0.0017064,1.44,0.44,1.0
0.0017068,1.48,0.52,0.96
0.0017072,1.48,0.44,1.04
0.0017076,1.52,0.52,1.0
0.001708,1.48,0.44,1.04
0.0017084000000000001,1.56,0.56,1.0
0.0017088000000000001,1.48,0.56,0.9199999999999999
0.0017092000000000001,1.52,0.6,0.92
0.0017096000000000001,1.52,0.6,0.92
0.0017100000000000001,1.52,0.6,0.92
0.0017104000000000002,1.52,0.64,0.88
0.0017108000000000002,1.48,0.6,0.88
0.0017112,1.56,0.64,0.92
0.0017116,1.52,0.68,0.84
0.001712,1.48,0.68,0.7999999999999999
0.0017124,1.52,0.68,0.84
0.0017128,1.56,0.72,0.8400000000000001
0.0017132,1.52,0.76,0.76
0.0017136,1.52,0.76,0.76
0.001714,1.56,0.72,0.8400000000000001
0.0017144,1.56,0.76,0.8
0.0017148,1.6,0.8,0.8
0.0017152,1.56,0.8,0.76
0.0017156,1.52,0.84,0.68
0.001716,1.56,0.8,0.76
0.0017164,1.56,0.84,0.7200000000000001
0.0017168,1.52,0.8,0.72
0.0017172,1.48,0.84,0.64
0.0017176000000000001,1.6,0.84,0.7600000000000001
0.0017180000000000001,1.56,0.84,0.7200000000000001
0.0017184000000000001,1.56,0.88,0.68
0.0017188000000000001,1.52,0.92,0.6
0.0017192000000000002,1.52,0.88,0.64
0.0017196000000000002,1.52,0.92,0.6
0.0017200000000000002,1.48,0.92,0.5599999999999999
0.0017204,1.48,0.92,0.5599999999999999
0.0017208,1.52,0.96,0.56
0.0017212,1.4000000000000001,0.96,0.44000000000000017
0.0017216,1.48,0.92,0.5599999999999999
0.001722,1.48,0.96,0.52
0.0017224,1.4000000000000001,0.96,0.44000000000000017
0.0017228,1.4000000000000001,0.96,0.44000000000000017
0.0017232,1.48,1.0,0.48
0.0017236,1.44,1.04,0.3999999999999999
0.001724,1.4000000000000001,1.0,0.40000000000000013
0.0017244,1.4000000000000001,1.0,0.40000000000000013
0.0017248,1.4000000000000001,1.0,0.40000000000000013
0.0017252,1.36,1.0,0.3600000000000001
0.0017256,1.32,1.04,0.28
0.001726,1.32,1.04,0.28
0.0017264000000000001,1.32,1.04,0.28
0.0017268000000000001,1.24,1.0,0.24
0.0017272000000000001,1.28,1.04,0.24
0.0017276000000000001,1.28,1.0,0.28
0.0017280000000000002,1.24,1.04,0.19999999999999996
0.0017284000000000002,1.24,1.0,0.24
0.0017288000000000002,1.24,1.04,0.19999999999999996
0.0017292,1.24,1.08,0.15999999999999992
0.0017296,1.16,1.08,0.07999999999999985
0.00173,1.16,1.08,0.07999999999999985
0.0017304,1.16,1.08,0.07999999999999985
0.0017308,1.12,1.04,0.08000000000000007
0.0017312,1.12,1.08,0.040000000000000036
0.0017316,1.12,1.12,0.0
0.001732,1.04,1.08,-0.040000000000000036
0.0017324,1.08,1.12,-0.040000000000000036
0.0017328,1.04,1.08,-0.040000000000000036
0.0017332,1.04,1.08,-0.040000000000000036
0.0017336,1.0,1.04,-0.040000000000000036
0.001734,1.0,1.08,-0.08000000000000007
0.0017344,0.96,1.04,-0.08000000000000007
0.0017348,0.88,1.08,-0.20000000000000007
0.0017352000000000001,0.92,1.08,-0.16000000000000003
0.0017356000000000001,0.88,1.04,-0.16000000000000003
0.0017360000000000001,0.84,1.04,-0.20000000000000007
0.0017364000000000001,0.8,1.0,-0.19999999999999996
0.0017368000000000001,0.72,1.08,-0.3600000000000001
0.0017372000000000002,0.76,1.0,-0.24
0.0017376000000000002,0.72,1.04,-0.32000000000000006
0.001738,0.72,1.08,-0.3600000000000001
0.0017384,0.64,0.96,-0.31999999999999995
0.0017388,0.68,1.0,-0.31999999999999995
0.0017392,0.68,1.04,-0.36
0.0017396,0.6,1.0,-0.4
0.00174,0.56,1.04,-0.48
0.0017404,0.52,0.96,-0.43999999999999995
0.0017408,0.56,1.0,-0.43999999999999995
0.0017412,0.52,0.92,-0.4
0.0017416,0.48,0.96,-0.48
0.001742,0.48,0.96,-0.48
0.0017424,0.48,0.96,-0.48
0.0017428,0.44,0.92,-0.48000000000000004
0.0017432,0.4,0.92,-0.52
0.0017436,0.36,0.92,-0.56
0.001744,0.32,0.92,-0.6000000000000001
0.0017444000000000001,0.32,0.92,-0.6000000000000001
0.0017448000000000001,0.28,0.96,-0.6799999999999999
0.0017452000000000001,0.24,0.88,-0.64
0.0017456000000000001,0.2,0.88,-0.6799999999999999
0.0017460000000000002,0.2,0.88,-0.6799999999999999
0.0017464000000000002,0.16,0.88,-0.72
0.0017468000000000002,0.12,0.84,-0.72
0.0017472,0.12,0.8,-0.68
0.0017476,0.08,0.84,-0.76
0.001748,0.08,0.8,-0.7200000000000001
0.0017484,0.04,0.8,-0.76
0.0017488,0.0,0.8,-0.8
0.0017492,-0.08,0.8,-0.88
0.0017496,-0.04,0.76,-0.8
0.00175,-0.08,0.76,-0.84
0.0017504,-0.16,0.68,-0.8400000000000001
0.0017508,-0.12,0.68,-0.8
0.0017512,-0.16,0.72,-0.88
0.0017516,-0.2,0.68,-0.8800000000000001
0.001752,-0.24,0.64,-0.88
0.0017524,-0.24,0.64,-0.88
0.0017528,-0.28,0.64,-0.92
0.0017532000000000001,-0.32,0.64,-0.96
0.0017536000000000001,-0.4,0.6,-1.0
0.0017540000000000001,-0.32,0.6,-0.9199999999999999
0.0017544000000000001,-0.36,0.56,-0.92
0.0017548000000000002,-0.44,0.52,-0.96
0.0017552000000000002,-0.44,0.52,-0.96
0.0017556,-0.48,0.48,-0.96
0.001756,-0.48,0.48,-0.96
0.0017564,-0.56,0.48,-1.04
0.0017568,-0.6,0.44,-1.04
0.0017572,-0.56,0.48,-1.04
0.0017576,-0.64,0.44,-1.08
0.001758,-0.64,0.36,-1.0
0.0017584,-0.64,0.36,-1.0
0.0017588,-0.68,0.4,-1.08
0.0017592,-0.68,0.32,-1.0
0.0017596,-0.8,0.32,-1.12
0.00176,-0.8,0.32,-1.12
0.0017604,-0.8,0.28,-1.08
0.0017608,-0.8,0.24,-1.04
0.0017612,-0.84,0.24,-1.08
0.0017616,-0.84,0.24,-1.08
0.0017620000000000001,-0.88,0.2,-1.08
0.0017624000000000001,-0.84,0.2,-1.04
0.0017628000000000001,-0.92,0.2,-1.12
0.0017632000000000001,-0.96,0.16,-1.1199999999999999
0.0017636000000000002,-1.0,0.12,-1.12
0.0017640000000000002,-1.0,0.12,-1.12
0.0017644000000000002,-1.0,0.12,-1.12
0.0017648,-1.08,0.08,-1.1600000000000001
0.0017652,-1.08,0.08,-1.1600000000000001
0.0017656,-1.08,0.04,-1.12
0.001766,-1.12,0.0,-1.12
0.0017664,-1.12,0.0,-1.12
0.0017668,-1.16,-0.04,-1.1199999999999999
0.0017672,-1.16,-0.08,-1.0799999999999998
0.0017676,-1.16,-0.04,-1.1199999999999999
0.001768,-1.2,-0.08,-1.1199999999999999
0.0017684,-1.2,-0.08,-1.1199999999999999
0.0017688,-1.24,-0.12,-1.12
0.0017692,-1.24,-0.12,-1.12
0.0017696,-1.28,-0.12,-1.1600000000000001
0.00177,-1.28,-0.16,-1.12
0.0017704,-1.28,-0.16,-1.12
0.0017708,-1.32,-0.24,-1.08
0.0017712000000000001,-1.36,-0.2,-1.1600000000000001
0.0017716000000000001,-1.32,-0.2,-1.12
0.0017720000000000001,-1.36,-0.24,-1.12
0.0017724000000000001,-1.36,-0.28,-1.08
0.0017728000000000002,-1.4000000000000001,-0.28,-1.12
0.0017732000000000002,-1.4000000000000001,-0.28,-1.12
0.0017736000000000002,-1.44,-0.32,-1.1199999999999999
0.001774,-1.36,-0.36,-1.0
0.0017744,-1.48,-0.36,-1.12
0.0017748,-1.48,-0.44,-1.04
0.0017752,-1.52,-0.4,-1.12
0.0017756,-1.48,-0.44,-1.04
0.001776,-1.52,-0.48,-1.04
0.0017764,-1.52,-0.44,-1.08
0.0017768,-1.48,-0.52,-0.96
0.0017772,-1.52,-0.48,-1.04
0.0017776,-1.48,-0.52,-0.96
0.001778,-1.52,-0.52,-1.0
0.0017784,-1.56,-0.56,-1.0
0.0017788,-1.52,-0.52,-1.0
0.0017792,-1.56,-0.56,-1.0
0.0017796,-1.56,-0.6,-0.9600000000000001
0.0017800000000000001,-1.56,-0.68,-0.88
0.0017804000000000001,-1.56,-0.64,-0.92
0.0017808000000000001,-1.6,-0.64,-0.9600000000000001
0.0017812000000000001,-1.6,-0.64,-0.9600000000000001
0.0017816000000000002,-1.6,-0.72,-0.8800000000000001
0.0017820000000000002,-1.6,-0.72,-0.8800000000000001
0.0017824,-1.56,-0.72,-0.8400000000000001
0.0017828,-1.56,-0.76,-0.8
0.0017832,-1.6,-0.76,-0.8400000000000001
0.0017836,-1.56,-0.8,-0.76
0.001784,-1.6,-0.76,-0.8400000000000001
0.0017844,-1.6,-0.76,-0.8400000000000001
0.0017848,-1.52,-0.8,-0.72
0.0017852,-1.56,-0.8,-0.76
0.0017856,-1.56,-0.8,-0.76
0.001786,-1.6,-0.84,-0.7600000000000001
0.0017864,-1.56,-0.88,-0.68
0.0017868,-1.52,-0.84,-0.68
0.0017872,-1.56,-0.88,-0.68
0.0017876,-1.56,-0.88,-0.68
0.001788,-1.52,-0.88,-0.64
0.0017884,-1.52,-0.92,-0.6
0.0017888000000000001,-1.52,-0.92,-0.6
0.0017892000000000001,-1.52,-0.92,-0.6
0.0017896000000000001,-1.52,-1.0,-0.52
0.0017900000000000001,-1.52,-0.96,-0.56
0.0017904000000000002,-1.52,-1.0,-0.52
0.0017908000000000002,-1.48,-1.0,-0.48
0.0017912000000000002,-1.52,-1.0,-0.52
0.0017916,-1.52,-0.96,-0.56
0.001792,-1.44,-1.04,-0.3999999999999999
0.0017924,-1.48,-1.0,-0.48
0.0017928,-1.44,-1.04,-0.3999999999999999
0.0017932,-1.4000000000000001,-1.04,-0.3600000000000001
0.0017936,-1.44,-1.0,-0.43999999999999995
0.001794,-1.44,-1.0,-0.43999999999999995
0.0017944,-1.44,-1.04,-0.3999999999999999
0.0017948,-1.44,-1.04,-0.3999999999999999
0.0017952,-1.32,-1.08,-0.24
0.0017956,-1.36,-1.04,-0.32000000000000006
0.001796,-1.36,-1.04,-0.32000000000000006
0.0017964,-1.36,-1.04,-0.32000000000000006
0.0017968,-1.32,-1.08,-0.24
0.0017972,-1.32,-1.08,-0.24
0.0017976000000000001,-1.28,-1.08,-0.19999999999999996
0.0017980000000000001,-1.32,-1.08,-0.24
0.0017984000000000001,-1.2,-1.08,-0.11999999999999988
0.0017988000000000001,-1.24,-1.08,-0.15999999999999992
0.0017992000000000001,-1.24,-1.12,-0.11999999999999988
0.0017996000000000002,-1.2,-1.08,-0.11999999999999988
0.0018,-1.2,-1.12,-0.07999999999999985
0.0018004000000000002,-1.16,-1.16,0.0
0.0018008,-1.2,-1.12,-0.07999999999999985
0.0018012,-1.12,-1.12,0.0
0.0018016,-1.16,-1.12,-0.039999999999999813
0.001802,-1.12,-1.12,0.0
0.0018024,-1.08,-1.12,0.040000000000000036
0.0018028,-1.08,-1.12,0.040000000000000036
0.0018032,-1.04,-1.08,0.040000000000000036
0.0018036,-0.96,-1.12,0.16000000000000014
0.001804,-0.96,-1.12,0.16000000000000014
0.0018044,-1.0,-1.08,0.08000000000000007
0.0018048,-0.96,-1.12,0.16000000000000014
0.0018052,-0.92,-1.08,0.16000000000000003
0.0018056,-0.96,-1.12,0.16000000000000014
0.001806,-0.92,-1.12,0.20000000000000007
0.0018064,-0.88,-1.08,0.20000000000000007
0.0018068000000000001,-0.8,-1.08,0.28
0.0018072000000000001,-0.76,-1.04,0.28
0.0018076000000000001,-0.84,-1.08,0.2400000000000001
0.0018080000000000001,-0.76,-1.04,0.28
0.0018084000000000002,-0.76,-1.08,0.32000000000000006
0.0018088000000000002,-0.68,-1.04,0.36
0.0018092,-0.68,-1.08,0.4
0.0018096000000000002,-0.68,-1.04,0.36
0.00181,-0.6,-1.04,0.44000000000000006
0.0018104,-0.6,-1.04,0.44000000000000006
0.0018108,-0.56,-0.96,0.3999999999999999
0.0018112,-0.52,-1.0,0.48
0.0018116,-0.48,-1.0,0.52
0.001812,-0.52,-1.0,0.48
0.0018124,-0.48,-0.96,0.48
0.0018128,-0.48,-0.96,0.48
0.0018132,-0.44,-0.96,0.52
0.0018136,-0.4,-1.0,0.6
0.001814,-0.36,-0.92,0.56
0.0018144,-0.32,-0.92,0.6000000000000001
0.0018148,-0.32,-0.92,0.6000000000000001
0.0018152,-0.28,-0.92,0.64
0.0018156000000000001,-0.24,-0.92,0.68
0.0018160000000000001,-0.24,-0.84,0.6
0.0018164000000000001,-0.2,-0.88,0.6799999999999999
0.0018168000000000001,-0.2,-0.84,0.6399999999999999
0.0018172000000000002,-0.12,-0.84,0.72
0.0018176,-0.16,-0.84,0.6799999999999999
0.0018180000000000002,-0.08,-0.84,0.76
0.0018184,-0.08,-0.76,0.68
0.0018188,0.0,-0.8,0.8
0.0018192,0.0,-0.8,0.8
0.0018196,0.0,-0.8,0.8
0.00182,0.04,-0.76,0.8
0.0018204,0.12,-0.76,0.88
0.0018208,0.12,-0.72,0.84
0.0018212,0.16,-0.72,0.88
0.0018216,0.16,-0.72,0.88
0.001822,0.24,-0.64,0.88
0.0018224,0.24,-0.64,0.88
0.0018228,0.2,-0.68,0.8800000000000001
0.0018232,0.28,-0.64,0.92
0.0018236,0.28,-0.64,0.92
0.001824,0.36,-0.56,0.92
0.0018244000000000001,0.36,-0.56,0.92
0.0018248000000000001,0.4,-0.6,1.0
0.0018252000000000001,0.4,-0.56,0.9600000000000001
0.0018256000000000001,0.44,-0.56,1.0
0.0018260000000000001,0.48,-0.48,0.96
0.0018264000000000002,0.48,-0.48,0.96
0.0018268,0.52,-0.56,1.08
0.0018272000000000002,0.56,-0.44,1.0
0.0018276,0.56,-0.4,0.9600000000000001
0.001828,0.64,-0.4,1.04
0.0018284,0.64,-0.4,1.04
0.0018288,0.68,-0.4,1.08
0.0018292,0.64,-0.4,1.04
0.0018296,0.68,-0.32,1.0
0.00183,0.72,-0.36,1.08
0.0018304,0.76,-0.32,1.08
0.0018308,0.76,-0.32,1.08
0.0018312,0.76,-0.28,1.04
0.0018316,0.84,-0.28,1.12
0.001832,0.8,-0.2,1.0
0.0018324,0.88,-0.2,1.08
0.0018328,0.92,-0.16,1.08
0.0018332,0.92,-0.16,1.08
0.0018336000000000001,0.96,-0.16,1.1199999999999999
0.0018340000000000001,0.96,-0.16,1.1199999999999999
0.0018344000000000001,1.0,-0.12,1.12
0.0018348000000000001,1.04,-0.08,1.12
0.0018352000000000002,1.0,-0.12,1.12
0.0018356000000000002,1.04,-0.08,1.12
0.001836,1.04,-0.04,1.08
0.0018364,1.16,-0.04,1.2
0.0018368,1.12,0.04,1.08
0.0018372,1.16,0.0,1.16
0.0018376,1.12,0.04,1.08
0.001838,1.2,0.08,1.1199999999999999
0.0018384,1.16,0.08,1.0799999999999998
0.0018388,1.24,0.08,1.16
0.0018392,1.16,0.12,1.04
0.0018396,1.28,0.12,1.1600000000000001
0.00184,1.28,0.12,1.1600000000000001
0.0018404,1.24,0.2,1.04
0.0018408,1.28,0.16,1.12
0.0018412,1.32,0.2,1.12
0.0018416,1.32,0.24,1.08
0.001842,1.32,0.2,1.12
0.0018424000000000001,1.36,0.28,1.08
0.0018428000000000001,1.36,0.28,1.08
0.0018432000000000001,1.36,0.32,1.04
0.0018436000000000001,1.4000000000000001,0.32,1.08
0.0018440000000000002,1.36,0.36,1.0
0.0018444,1.44,0.32,1.1199999999999999
0.0018448000000000002,1.44,0.36,1.08
0.0018452,1.44,0.36,1.08
0.0018456,1.44,0.44,1.0
0.001846,1.48,0.44,1.04
0.0018464,1.44,0.4,1.04
0.0018468,1.52,0.48,1.04
0.0018472,1.52,0.48,1.04
0.0018476,1.48,0.48,1.0
0.001848,1.52,0.52,1.0
0.0018484,1.48,0.48,1.0
0.0018488,1.48,0.52,0.96
0.0018492,1.48,0.56,0.9199999999999999
0.0018496,1.56,0.6,0.9600000000000001
0.00185,1.52,0.6,0.92
0.0018504,1.56,0.6,0.9600000000000001
0.0018508,1.48,0.64,0.84
0.0018512000000000001,1.56,0.64,0.92
0.0018516000000000001,1.56,0.68,0.88
0.0018520000000000001,1.6,0.68,0.92
0.0018524000000000001,1.52,0.72,0.8
0.0018528000000000001,1.56,0.72,0.8400000000000001
0.0018532000000000002,1.56,0.72,0.8400000000000001
0.0018536,1.56,0.72,0.8400000000000001
0.0018540000000000002,1.52,0.72,0.8
0.0018544,1.56,0.76,0.8
0.0018548,1.56,0.76,0.8
0.0018552,1.56,0.76,0.8
0.0018556,1.52,0.8,0.72
0.001856,1.52,0.84,0.68
0.0018564,1.56,0.84,0.7200000000000001
0.0018568,1.56,0.84,0.7200000000000001
0.0018572,1.52,0.84,0.68
0.0018576,1.52,0.84,0.68
0.001858,1.56,0.88,0.68
0.0018584,1.56,0.92,0.64
0.0018588,1.52,0.92,0.6
0.0018592,1.52,0.88,0.64
0.0018596,1.48,0.92,0.5599999999999999
0.00186,1.52,0.92,0.6
0.0018604000000000001,1.48,0.96,0.52
0.0018608000000000001,1.48,0.96,0.52
0.0018612000000000001,1.44,0.92,0.5199999999999999
0.0018616000000000001,1.48,0.92,0.5599999999999999
0.001862,1.44,1.0,0.43999999999999995
0.0018624000000000002,1.48,0.92,0.5599999999999999
0.0018628,1.48,1.0,0.48
0.0018632,1.4000000000000001,0.96,0.44000000000000017
0.0018636,1.48,1.08,0.3999999999999999
0.001864,1.4000000000000001,1.0,0.40000000000000013
0.0018644,1.4000000000000001,1.04,0.3600000000000001
0.0018648,1.4000000000000001,1.0,0.40000000000000013
0.0018652,1.4000000000000001,1.08,0.32000000000000006
0.0018656,1.36,1.0,0.3600000000000001
0.001866,1.36,1.04,0.32000000000000006
0.0018664,1.32,1.04,0.28
0.0018668,1.32,1.04,0.28
0.0018672,1.32,1.04,0.28
0.0018676,1.28,1.08,0.19999999999999996
0.001868,1.24,1.04,0.19999999999999996
0.0018684,1.24,1.08,0.15999999999999992
0.0018688,1.2,1.04,0.15999999999999992
0.0018692000000000001,1.2,1.04,0.15999999999999992
0.0018696000000000001,1.2,1.04,0.15999999999999992
0.0018700000000000001,1.2,1.08,0.11999999999999988
0.0018704000000000001,1.12,1.04,0.08000000000000007
0.0018708000000000002,1.12,1.04,0.08000000000000007
0.0018712,1.12,1.04,0.08000000000000007
0.0018716000000000002,1.04,1.08,-0.040000000000000036
0.001872,1.04,1.08,-0.040000000000000036
0.0018724,1.04,1.12,-0.08000000000000007
0.0018728,1.04,1.04,0.0
0.0018732,1.04,1.12,-0.08000000000000007
0.0018736,0.96,1.08,-0.1200000000000001
0.001874,0.92,1.08,-0.16000000000000003
0.0018744,0.96,1.04,-0.08000000000000007
0.0018748,0.88,1.04,-0.16000000000000003
0.0018752,0.88,1.04,-0.16000000000000003
0.0018756,0.88,1.04,-0.16000000000000003
0.001876,0.84,1.08,-0.2400000000000001
0.0018764,0.8,1.08,-0.28
0.0018768,0.84,1.04,-0.20000000000000007
0.0018772,0.76,1.08,-0.32000000000000006
0.0018776,0.8,1.04,-0.24
0.0018780000000000001,0.76,1.0,-0.24
0.0018784000000000001,0.68,1.04,-0.36
0.0018788000000000001,0.64,1.0,-0.36
0.0018792000000000001,0.64,1.04,-0.4
0.0018796000000000002,0.6,1.0,-0.4
0.0018800000000000002,0.6,1.0,-0.4
0.0018804,0.52,1.0,-0.48
0.0018808000000000002,0.56,1.0,-0.43999999999999995
0.0018812,0.52,0.92,-0.4
0.0018816,0.48,1.0,-0.52
0.001882,0.44,0.96,-0.52
0.0018824,0.44,0.92,-0.48000000000000004
0.0018828,0.36,0.92,-0.56
0.0018832,0.4,0.92,-0.52
0.0018836,0.36,0.92,-0.56
0.001884,0.28,0.92,-0.64
0.0018844,0.28,0.92,-0.64
0.0018848,0.28,0.88,-0.6
0.0018852,0.24,0.88,-0.64
0.0018856,0.24,0.88,-0.64
0.001886,0.16,0.84,-0.6799999999999999
0.0018864,0.2,0.88,-0.6799999999999999
0.0018868000000000001,0.16,0.8,-0.64
0.0018872000000000001,0.12,0.8,-0.68
0.0018876000000000001,0.08,0.8,-0.7200000000000001
0.0018880000000000001,0.04,0.8,-0.76
0.0018884000000000001,-0.04,0.76,-0.8
0.0018888,0.0,0.76,-0.76
0.0018892000000000002,-0.04,0.76,-0.8
0.0018896,-0.12,0.72,-0.84
0.00189,-0.12,0.76,-0.88
0.0018904,-0.12,0.72,-0.84
0.0018908,-0.12,0.72,-0.84
0.0018912,-0.16,0.68,-0.8400000000000001
0.0018916,-0.2,0.64,-0.8400000000000001
0.001892,-0.24,0.64,-0.88
0.0018924,-0.24,0.68,-0.92
0.0018928,-0.28,0.64,-0.92
0.0018932,-0.28,0.64,-0.92
0.0018936,-0.36,0.6,-0.96
0.001894,-0.36,0.6,-0.96
0.0018944,-0.4,0.52,-0.92
0.0018948,-0.4,0.52,-0.92
0.0018952,-0.48,0.6,-1.08
0.0018956,-0.48,0.48,-0.96
0.0018960000000000001,-0.52,0.48,-1.0
0.0018964000000000001,-0.52,0.48,-1.0
0.0018968000000000001,-0.6,0.44,-1.04
0.0018972000000000001,-0.56,0.4,-0.9600000000000001
0.0018976000000000002,-0.6,0.44,-1.04
0.001898,-0.64,0.4,-1.04
0.0018984000000000002,-0.64,0.44,-1.08
0.0018988,-0.68,0.4,-1.08
0.0018992,-0.76,0.36,-1.12
0.0018996,-0.76,0.28,-1.04
0.0019,-0.76,0.32,-1.08
0.0019004,-0.8,0.28,-1.08
0.0019008,-0.8,0.28,-1.08
0.0019012,-0.84,0.28,-1.12
0.0019016,-0.84,0.24,-1.08
0.001902,-0.92,0.24,-1.1600000000000001
0.0019024,-0.88,0.2,-1.08
0.0019028,-0.96,0.2,-1.16
0.0019032,-0.96,0.2,-1.16
0.0019036,-1.0,0.08,-1.08
0.001904,-0.96,0.12,-1.08
0.0019044,-1.04,0.08,-1.12
0.0019048000000000001,-1.04,0.08,-1.12
0.0019052000000000001,-1.08,0.04,-1.12
0.0019056000000000001,-1.04,0.08,-1.12
0.0019060000000000001,-1.08,0.04,-1.12
0.0019064000000000002,-1.12,0.04,-1.1600000000000001
0.0019068000000000002,-1.12,0.0,-1.12
0.0019072,-1.16,0.0,-1.16
0.0019076000000000002,-1.16,-0.04,-1.1199999999999999
0.001908,-1.16,-0.08,-1.0799999999999998
0.0019084,-1.2,-0.08,-1.1199999999999999
0.0019088,-1.28,-0.12,-1.1600000000000001
0.0019092,-1.24,-0.12,-1.12
0.0019096,-1.24,-0.16,-1.08
0.00191,-1.32,-0.16,-1.1600000000000001
0.0019104,-1.36,-0.2,-1.1600000000000001
0.0019108,-1.32,-0.24,-1.08
0.0019112,-1.36,-0.24,-1.12
0.0019116,-1.32,-0.24,-1.08
0.001912,-1.32,-0.24,-1.08
0.0019124,-1.4000000000000001,-0.24,-1.1600000000000001
0.0019128,-1.36,-0.28,-1.08
0.0019132,-1.44,-0.28,-1.16
0.0019136000000000001,-1.44,-0.32,-1.1199999999999999
0.0019140000000000001,-1.4000000000000001,-0.32,-1.08
0.0019144000000000001,-1.48,-0.36,-1.12
0.0019148000000000001,-1.44,-0.4,-1.04
0.0019152000000000001,-1.48,-0.4,-1.08
0.0019156,-1.48,-0.44,-1.04
0.0019160000000000002,-1.48,-0.44,-1.04
0.0019164,-1.52,-0.44,-1.08
0.0019168,-1.48,-0.48,-1.0
0.0019172,-1.48,-0.48,-1.0
0.0019176,-1.52,-0.52,-1.0
0.001918,-1.56,-0.52,-1.04
0.0019184,-1.56,-0.52,-1.04
0.0019188,-1.56,-0.56,-1.0
0.0019192,-1.6,-0.56,-1.04
0.0019196,-1.6,-0.6,-1.0
0.00192,-1.56,-0.64,-0.92
0.0019204,-1.56,-0.64,-0.92
0.0019208,-1.56,-0.68,-0.88
0.0019212,-1.6,-0.68,-0.92
0.0019216,-1.56,-0.68,-0.88
0.001922,-1.6400000000000001,-0.72,-0.9200000000000002
0.0019224,-1.56,-0.68,-0.88
0.0019228000000000001,-1.6,-0.76,-0.8400000000000001
0.0019232000000000001,-1.6400000000000001,-0.72,-0.9200000000000002
0.0019236000000000001,-1.6400000000000001,-0.76,-0.8800000000000001
0.0019240000000000001,-1.6,-0.76,-0.8400000000000001
0.0019244000000000002,-1.6,-0.8,-0.8
0.0019248,-1.6,-0.8,-0.8
0.0019252000000000002,-1.6,-0.8,-0.8
0.0019256,-1.6,-0.84,-0.7600000000000001
0.001926,-1.6,-0.8,-0.8
0.0019264,-1.6,-0.88,-0.7200000000000001
0.0019268,-1.56,-0.84,-0.7200000000000001
0.0019272,-1.56,-0.84,-0.7200000000000001
0.0019276,-1.56,-0.88,-0.68
0.001928,-1.56,-0.88,-0.68
0.0019284,-1.56,-0.88,-0.68
0.0019288,-1.6,-0.92,-0.68
0.0019292,-1.56,-0.96,-0.6000000000000001
0.0019296,-1.56,-0.92,-0.64
0.00193,-1.52,-0.96,-0.56
0.0019304,-1.48,-0.92,-0.5599999999999999
0.0019308,-1.48,-0.96,-0.52
0.0019312,-1.52,-1.0,-0.52
0.0019316000000000001,-1.48,-0.96,-0.52
0.0019320000000000001,-1.48,-1.0,-0.48
0.0019324000000000001,-1.4000000000000001,-1.04,-0.3600000000000001
0.0019328000000000001,-1.52,-1.0,-0.52
0.0019332,-1.48,-1.04,-0.43999999999999995
0.0019336000000000002,-1.44,-1.0,-0.43999999999999995
0.001934,-1.44,-1.08,-0.3599999999999999
0.0019344000000000002,-1.44,-1.08,-0.3599999999999999
0.0019348,-1.48,-1.04,-0.43999999999999995
0.0019352,-1.4000000000000001,-1.08,-0.32000000000000006
0.0019356,-1.36,-1.04,-0.32000000000000006
0.001936,-1.4000000000000001,-1.08,-0.32000000000000006
0.0019364,-1.36,-1.08,-0.28
0.0019368,-1.32,-1.08,-0.24
0.0019372,-1.32,-1.04,-0.28
0.0019376,-1.32,-1.04,-0.28
0.001938,-1.24,-1.08,-0.15999999999999992
0.0019384,-1.24,-1.12,-0.11999999999999988
0.0019388,-1.24,-1.08,-0.15999999999999992
0.0019392,-1.24,-1.08,-0.15999999999999992
0.0019396,-1.24,-1.08,-0.15999999999999992
0.00194,-1.2,-1.08,-0.11999999999999988
0.0019404000000000001,-1.2,-1.12,-0.07999999999999985
0.0019408000000000001,-1.12,-1.08,-0.040000000000000036
0.0019412000000000001,-1.16,-1.12,-0.039999999999999813
0.0019416,-1.16,-1.12,-0.039999999999999813
0.0019420000000000001,-1.08,-1.08,0.0
0.0019424,-1.08,-1.12,0.040000000000000036
0.0019428000000000002,-1.04,-1.12,0.08000000000000007
0.0019432,-1.0,-1.12,0.1200000000000001
0.0019436000000000002,-1.04,-1.12,0.08000000000000007
0.001944,-1.04,-1.08,0.040000000000000036
0.0019444,-1.0,-1.08,0.08000000000000007
0.0019448,-0.96,-1.08,0.1200000000000001
0.0019452,-0.88,-1.12,0.2400000000000001
0.0019456,-0.88,-1.12,0.2400000000000001
0.001946,-0.84,-1.08,0.2400000000000001
0.0019464,-0.88,-1.04,0.16000000000000003
0.0019468,-0.8,-1.08,0.28
0.0019472,-0.8,-1.08,0.28
0.0019476,-0.76,-1.08,0.32000000000000006
0.001948,-0.76,-1.08,0.32000000000000006
0.0019484,-0.76,-1.08,0.32000000000000006
0.0019488,-0.68,-1.08,0.4
0.0019492,-0.68,-1.08,0.4
0.0019496000000000001,-0.68,-1.0,0.31999999999999995
0.0019500000000000001,-0.64,-1.08,0.44000000000000006
0.0019504000000000001,-0.6,-1.08,0.4800000000000001
0.0019508,-0.6,-0.96,0.36
0.0019512000000000002,-0.52,-1.0,0.48
0.0019516,-0.48,-1.0,0.52
0.0019520000000000002,-0.44,-1.0,0.56
0.0019524,-0.48,-0.96,0.48
0.0019528,-0.44,-0.96,0.52
0.0019532,-0.4,-0.96,0.5599999999999999
0.0019536,-0.4,-0.92,0.52
0.001954,-0.4,-0.96,0.5599999999999999
0.0019544000000000002,-0.36,-0.92,0.56
0.0019548,-0.32,-0.88,0.56
0.0019552,-0.28,-0.92,0.64
0.0019556,-0.24,-0.92,0.68
0.0019560000000000003,-0.2,-0.88,0.6799999999999999
0.0019564,-0.2,-0.88,0.6799999999999999
0.0019568,-0.16,-0.84,0.6799999999999999
0.0019572,-0.12,-0.84,0.72
0.0019576,-0.12,-0.84,0.72
0.001958,-0.12,-0.84,0.72
0.0019584,-0.08,-0.84,0.76
0.0019588,-0.04,-0.8,0.76
0.0019592,0.0,-0.76,0.76
0.0019596,0.04,-0.8,0.8400000000000001
0.00196,0.04,-0.76,0.8
0.0019604,0.08,-0.76,0.84
0.0019608,0.12,-0.68,0.8
0.0019612,0.12,-0.68,0.8
0.0019616,0.12,-0.68,0.8
0.001962,0.16,-0.68,0.8400000000000001
0.0019624,0.24,-0.64,0.88
0.0019628000000000002,0.16,-0.6,0.76
0.0019632,0.24,-0.64,0.88
0.0019636000000000002,0.32,-0.6,0.9199999999999999
0.001964,0.28,-0.64,0.92
0.0019644,0.32,-0.6,0.9199999999999999
0.0019648,0.4,-0.56,0.9600000000000001
0.0019652000000000003,0.4,-0.6,1.0
0.0019656,0.44,-0.52,0.96
0.001966,0.44,-0.52,0.96
0.0019664,0.48,-0.48,0.96
0.0019668,0.52,-0.48,1.0
0.0019672,0.56,-0.48,1.04
0.0019676,0.56,-0.44,1.0
0.001968,0.56,-0.44,1.0
0.0019684,0.64,-0.44,1.08
0.0019688,0.64,-0.4,1.04
0.0019692,0.72,-0.32,1.04
0.0019696,0.68,-0.32,1.0
0.00197,0.76,-0.32,1.08
0.0019704,0.72,-0.32,1.04
0.0019708,0.84,-0.32,1.16
0.0019712,0.8,-0.32,1.12
0.0019716,0.84,-0.24,1.08
0.0019720000000000002,0.88,-0.24,1.12
0.0019724,0.88,-0.2,1.08
0.0019728000000000002,0.84,-0.24,1.08
0.0019732,0.92,-0.2,1.12
0.0019736,0.96,-0.2,1.16
0.001974,0.96,-0.2,1.16
0.0019744000000000003,1.0,-0.08,1.08
0.0019748,1.0,-0.16,1.16
0.0019752,1.04,-0.04,1.08
0.0019756,1.08,0.0,1.08
0.001976,1.08,0.0,1.08
0.0019764,1.08,-0.08,1.1600000000000001
0.0019768,1.16,0.04,1.1199999999999999
0.0019772,1.16,0.0,1.16
0.0019776,1.16,0.0,1.16
0.001978,1.16,0.04,1.1199999999999999
0.0019784,1.16,0.08,1.0799999999999998
0.0019788,1.2,0.08,1.1199999999999999
0.0019792,1.24,0.12,1.12
0.0019796,1.24,0.12,1.12
0.00198,1.24,0.12,1.12
0.0019804,1.28,0.16,1.12
0.0019808,1.28,0.2,1.08
0.0019812000000000002,1.28,0.16,1.12
0.0019816,1.32,0.24,1.08
0.0019820000000000003,1.36,0.24,1.12
0.0019824,1.36,0.24,1.12
0.0019828,1.36,0.24,1.12
0.0019832,1.36,0.28,1.08
0.0019836000000000003,1.4000000000000001,0.32,1.08
0.001984,1.44,0.32,1.1199999999999999
0.0019844,1.4000000000000001,0.32,1.08
0.0019848,1.44,0.36,1.08
0.0019852,1.48,0.4,1.08
0.0019856,1.48,0.44,1.04
0.001986,1.44,0.4,1.04
0.0019864,1.48,0.44,1.04
0.0019868,1.48,0.48,1.0
0.0019872,1.48,0.48,1.0
0.0019876,1.48,0.48,1.0
0.001988,1.48,0.48,1.0
0.0019884,1.52,0.52,1.0
0.0019888,1.52,0.56,0.96
0.0019892,1.48,0.6,0.88
0.0019896000000000002,1.52,0.56,0.96
0.00199,1.56,0.56,1.0
0.0019904000000000002,1.48,0.64,0.84
0.0019908,1.52,0.64,0.88
0.0019912000000000003,1.56,0.64,0.92
0.0019916,1.52,0.68,0.84
0.001992,1.6400000000000001,0.68,0.9600000000000001
0.0019924,1.56,0.72,0.8400000000000001
0.0019928,1.52,0.72,0.8
0.0019932,1.56,0.72,0.8400000000000001
0.0019936,1.48,0.76,0.72
0.001994,1.56,0.72,0.8400000000000001
0.0019944,1.56,0.8,0.76
0.0019948,1.56,0.76,0.8
0.0019952,1.56,0.76,0.8
0.0019956,1.56,0.8,0.76
0.001996,1.56,0.8,0.76
0.0019964,1.6,0.84,0.7600000000000001
0.0019968,1.56,0.84,0.7200000000000001
0.0019972,1.56,0.84,0.7200000000000001
0.0019976,1.48,0.88,0.6
0.001998,1.52,0.88,0.64
0.0019984,1.48,0.88,0.6
0.0019988000000000002,1.52,0.92,0.6
0.0019992,1.48,0.92,0.5599999999999999
0.0019996,1.56,0.88,0.68
0.002,1.48,0.88,0.6
0.0020004000000000003,1.52,0.92,0.6
0.0020008,1.48,0.92,0.5599999999999999
0.0020012,1.48,0.96,0.52
0.0020016,1.48,0.96,0.52
0.002002,1.48,0.96,0.52
0.0020024,1.44,1.04,0.3999999999999999
0.0020028,1.44,0.96,0.48
0.0020032,1.4000000000000001,1.0,0.40000000000000013
0.0020036,1.4000000000000001,1.0,0.40000000000000013
0.002004,1.4000000000000001,1.0,0.40000000000000013
0.0020044,1.4000000000000001,1.04,0.3600000000000001
0.0020048,1.36,1.0,0.3600000000000001
0.0020052,1.44,1.0,0.43999999999999995
0.0020056,1.32,1.04,0.28
0.002006,1.36,1.0,0.3600000000000001
0.0020064,1.36,1.04,0.32000000000000006
0.0020068,1.32,1.04,0.28
0.0020072,1.28,1.08,0.19999999999999996
0.0020076,1.24,1.08,0.15999999999999992
0.0020080000000000002,1.24,1.04,0.19999999999999996
0.0020084,1.28,1.08,0.19999999999999996
0.0020088,1.24,1.08,0.15999999999999992
0.0020092,1.2,1.08,0.11999999999999988
0.0020096000000000003,1.16,1.12,0.039999999999999813
0.00201,1.24,1.08,0.15999999999999992
0.0020104,1.2,1.12,0.07999999999999985
0.0020108,1.08,1.08,0.0
0.0020112,1.12,1.04,0.08000000000000007
0.0020116,1.08,1.08,0.0
0.002012,1.08,1.12,-0.040000000000000036
0.0020124,1.04,1.04,0.0
0.0020128,1.04,1.12,-0.08000000000000007
0.0020132,1.04,1.04,0.0
0.0020136,1.0,1.04,-0.040000000000000036
0.002014,0.88,1.08,-0.20000000000000007
0.0020144,0.92,1.08,-0.16000000000000003
0.0020148,0.92,1.12,-0.20000000000000007
0.0020152,0.92,1.12,-0.20000000000000007
0.0020156,0.84,1.04,-0.20000000000000007
0.002016,0.88,1.0,-0.12
0.0020164000000000002,0.84,1.04,-0.20000000000000007
0.0020168,0.84,1.04,-0.20000000000000007
0.0020172000000000002,0.76,1.04,-0.28
0.0020176,0.76,0.96,-0.19999999999999996
0.002018,0.72,1.04,-0.32000000000000006
0.0020184,0.72,1.04,-0.32000000000000006
0.0020188000000000003,0.68,1.0,-0.31999999999999995
0.0020192,0.64,1.0,-0.36
0.0020196,0.6,1.04,-0.44000000000000006
0.00202,0.64,1.04,-0.4
0.0020204,0.6,1.0,-0.4
0.0020208,0.56,0.96,-0.3999999999999999
0.0020212,0.52,1.0,-0.48
0.0020216,0.48,1.0,-0.52
0.002022,0.48,1.0,-0.52
0.0020224,0.4,0.92,-0.52
0.0020228,0.44,0.92,-0.48000000000000004
0.0020232,0.4,0.88,-0.48
0.0020236,0.32,0.92,-0.6000000000000001
0.002024,0.36,0.88,-0.52
0.0020244,0.32,0.88,-0.56
0.0020248,0.24,0.84,-0.6
0.0020252,0.28,0.84,-0.5599999999999999
0.0020256000000000002,0.16,0.88,-0.72
0.002026,0.2,0.84,-0.6399999999999999
0.0020264000000000002,0.16,0.88,-0.72
0.0020268,0.12,0.84,-0.72
0.0020272,0.04,0.84,-0.7999999999999999
0.0020276,0.04,0.84,-0.7999999999999999
0.0020280000000000003,0.04,0.76,-0.72
0.0020284,0.0,0.76,-0.76
0.0020288,-0.04,0.76,-0.8
0.0020292,0.0,0.72,-0.72
0.0020296,-0.08,0.72,-0.7999999999999999
0.00203,-0.12,0.76,-0.88
0.0020304,-0.12,0.72,-0.84
0.0020308,-0.12,0.72,-0.84
0.0020312,-0.16,0.68,-0.8400000000000001
0.0020316,-0.16,0.72,-0.88
0.002032,-0.24,0.64,-0.88
0.0020324,-0.32,0.64,-0.96
0.0020328,-0.28,0.6,-0.88
0.0020332,-0.36,0.6,-0.96
0.0020336,-0.36,0.52,-0.88
0.0020340000000000002,-0.36,0.6,-0.96
0.0020344,-0.4,0.56,-0.9600000000000001
0.0020348000000000002,-0.44,0.56,-1.0
0.0020352,-0.44,0.52,-0.96
0.0020356000000000003,-0.48,0.48,-0.96
0.002036,-0.52,0.48,-1.0
0.0020364,-0.56,0.48,-1.04
0.0020368,-0.6,0.52,-1.12
0.0020372000000000003,-0.68,0.44,-1.12
0.0020376,-0.64,0.4,-1.04
0.002038,-0.68,0.4,-1.08
0.0020384,-0.68,0.4,-1.08
0.0020388,-0.72,0.36,-1.08
0.0020392,-0.72,0.36,-1.08
0.0020396,-0.72,0.32,-1.04
0.00204,-0.76,0.32,-1.08
0.0020404,-0.8,0.28,-1.08
0.0020408,-0.84,0.28,-1.12
0.0020412,-0.84,0.28,-1.12
0.0020416,-0.88,0.24,-1.12
0.002042,-0.88,0.24,-1.12
0.0020424,-0.96,0.16,-1.1199999999999999
0.0020428,-0.92,0.16,-1.08
0.0020432000000000002,-0.96,0.12,-1.08
0.0020436,-0.96,0.16,-1.1199999999999999
0.002044,-1.0,0.08,-1.08
0.0020444,-1.04,0.08,-1.12
0.0020448000000000003,-1.08,0.12,-1.2000000000000002
0.0020452,-1.04,0.04,-1.08
0.0020456,-1.08,0.04,-1.12
0.002046,-1.08,0.04,-1.12
0.0020464,-1.12,0.0,-1.12
0.0020468,-1.16,0.0,-1.16
0.0020472,-1.16,-0.04,-1.1199999999999999
0.0020476,-1.16,-0.08,-1.0799999999999998
0.002048,-1.2,-0.08,-1.1199999999999999
0.0020484,-1.24,-0.04,-1.2
0.0020488,-1.24,-0.08,-1.16
0.0020492,-1.28,-0.08,-1.2
0.0020496,-1.28,-0.16,-1.12
0.00205,-1.32,-0.16,-1.1600000000000001
0.0020504,-1.28,-0.2,-1.08
0.0020508,-1.28,-0.2,-1.08
0.0020512,-1.32,-0.24,-1.08
0.0020516,-1.36,-0.24,-1.12
0.002052,-1.36,-0.28,-1.08
0.0020524000000000002,-1.4000000000000001,-0.28,-1.12
0.0020528,-1.4000000000000001,-0.28,-1.12
0.0020532,-1.44,-0.36,-1.08
0.0020536,-1.44,-0.28,-1.16
0.0020540000000000003,-1.4000000000000001,-0.36,-1.04
0.0020544,-1.48,-0.36,-1.12
0.0020548,-1.48,-0.4,-1.08
0.0020552,-1.48,-0.4,-1.08
0.0020556,-1.48,-0.44,-1.04
0.002056,-1.44,-0.44,-1.0
0.0020564,-1.52,-0.44,-1.08
0.0020568,-1.52,-0.52,-1.0
0.0020572,-1.52,-0.56,-0.96
0.0020576,-1.52,-0.52,-1.0
0.002058,-1.52,-0.56,-0.96
0.0020584,-1.56,-0.52,-1.04
0.0020588,-1.56,-0.56,-1.0
0.0020592,-1.56,-0.6,-0.9600000000000001
0.0020596,-1.56,-0.6,-0.9600000000000001
0.00206,-1.6,-0.6,-1.0
0.0020604,-1.6,-0.68,-0.92
0.0020608000000000002,-1.56,-0.68,-0.88
0.0020612,-1.56,-0.68,-0.88
0.0020616000000000002,-1.6,-0.68,-0.92
0.002062,-1.56,-0.72,-0.8400000000000001
0.0020624,-1.6,-0.72,-0.8800000000000001
0.0020628,-1.56,-0.76,-0.8
0.0020632000000000003,-1.6,-0.72,-0.8800000000000001
0.0020636,-1.6,-0.76,-0.8400000000000001
0.002064,-1.56,-0.76,-0.8
0.0020644,-1.6,-0.8,-0.8
0.0020648,-1.56,-0.8,-0.76
0.0020652,-1.6,-0.8,-0.8
0.0020656,-1.52,-0.8,-0.72
0.002066,-1.52,-0.76,-0.76
0.0020664,-1.56,-0.8,-0.76
0.0020668,-1.56,-0.88,-0.68
0.0020672,-1.6,-0.92,-0.68
0.0020676,-1.56,-0.92,-0.64
0.002068,-1.52,-0.92,-0.6
0.0020684,-1.56,-0.92,-0.64
0.0020688,-1.56,-0.92,-0.64
0.0020692,-1.52,-1.0,-0.52
0.0020696,-1.56,-0.92,-0.64
0.0020700000000000002,-1.56,-0.92,-0.64
0.0020704,-1.52,-0.92,-0.6
0.0020708000000000002,-1.52,-0.96,-0.56
0.0020712,-1.48,-0.96,-0.52
0.0020716,-1.48,-0.96,-0.52
0.002072,-1.52,-1.0,-0.52
0.0020724000000000003,-1.44,-1.0,-0.43999999999999995
0.0020728,-1.48,-1.04,-0.43999999999999995
0.0020732,-1.48,-0.96,-0.52
0.0020736,-1.48,-0.96,-0.52
0.002074,-1.4000000000000001,-1.04,-0.3600000000000001
0.0020744,-1.44,-1.0,-0.43999999999999995
0.0020748,-1.44,-1.04,-0.3999999999999999
0.0020752,-1.4000000000000001,-1.04,-0.3600000000000001
0.0020756,-1.4000000000000001,-1.08,-0.32000000000000006
0.002076,-1.32,-1.08,-0.24
0.0020764,-1.32,-1.04,-0.28
0.0020768,-1.36,-1.08,-0.28
0.0020772,-1.28,-1.04,-0.24
0.0020776,-1.32,-1.08,-0.24
0.002078,-1.32,-1.12,-0.19999999999999996
0.0020784,-1.28,-1.04,-0.24
0.0020788,-1.24,-1.12,-0.11999999999999988
0.0020792000000000002,-1.2,-1.12,-0.07999999999999985
0.0020796,-1.24,-1.08,-0.15999999999999992
0.0020800000000000003,-1.2,-1.08,-0.11999999999999988
0.0020804,-1.16,-1.08,-0.07999999999999985
0.0020808,-1.16,-1.08,-0.07999999999999985
0.0020812,-1.12,-1.08,-0.040000000000000036
0.0020816000000000003,-1.16,-1.08,-0.07999999999999985
0.002082,-1.12,-1.12,0.0
0.0020824,-1.08,-1.08,0.0
0.0020828,-1.08,-1.12,0.040000000000000036
0.0020832,-1.04,-1.08,0.040000000000000036
0.0020836,-1.0,-1.08,0.08000000000000007
0.002084,-1.0,-1.12,0.1200000000000001
0.0020844,-1.0,-1.08,0.08000000000000007
0.0020848,-0.92,-1.08,0.16000000000000003
0.0020852,-0.92,-1.08,0.16000000000000003
0.0020856,-0.88,-1.12,0.2400000000000001
0.002086,-0.88,-1.08,0.20000000000000007
0.0020864,-0.84,-1.12,0.28000000000000014
0.0020868,-0.8,-1.04,0.24
0.0020872,-0.84,-1.04,0.20000000000000007
0.0020876000000000002,-0.8,-1.08,0.28
0.002088,-0.72,-1.04,0.32000000000000006
0.0020884000000000002,-0.76,-1.04,0.28
0.0020888,-0.72,-1.0,0.28
0.0020892000000000003,-0.68,-1.04,0.36
0.0020896,-0.64,-1.0,0.36
0.00209,-0.6,-0.96,0.36
0.0020904,-0.64,-1.08,0.44000000000000006
0.0020908,-0.56,-1.0,0.43999999999999995
0.0020912,-0.52,-1.0,0.48
0.0020916,-0.52,-1.0,0.48
0.002092,-0.52,-0.96,0.43999999999999995
0.0020924,-0.48,-1.0,0.52
0.0020928,-0.44,-1.04,0.6000000000000001
0.0020932,-0.44,-0.92,0.48000000000000004
0.0020936,-0.36,-1.0,0.64
0.002094,-0.36,-0.92,0.56
0.0020944,-0.36,-0.92,0.56
0.0020948,-0.32,-0.92,0.6000000000000001
0.0020952,-0.24,-0.92,0.68
0.0020956,-0.24,-0.88,0.64
0.002096,-0.24,-0.88,0.64
0.0020964,-0.2,-0.88,0.6799999999999999
0.0020968000000000002,-0.24,-0.88,0.64
0.0020972,-0.2,-0.84,0.6399999999999999
0.0020976,-0.16,-0.88,0.72
0.002098,-0.08,-0.84,0.76
0.0020984000000000003,-0.08,-0.84,0.76
0.0020988,0.0,-0.76,0.76
0.0020992,0.0,-0.8,0.8
0.0020996,0.0,-0.76,0.76
0.0021,0.08,-0.8,0.88
0.0021004,0.08,-0.76,0.84
0.0021008,0.12,-0.76,0.88
0.0021012,0.12,-0.68,0.8
0.0021016,0.16,-0.68,0.8400000000000001
0.002102,0.2,-0.64,0.8400000000000001
0.0021024,0.2,-0.68,0.8800000000000001
0.0021028,0.24,-0.64,0.88
0.0021032,0.24,-0.64,0.88
0.0021036,0.32,-0.6,0.9199999999999999
0.002104,0.32,-0.6,0.9199999999999999
0.0021044,0.4,-0.6,1.0
0.0021048,0.4,-0.56,0.9600000000000001
0.0021052,0.44,-0.52,0.96
0.0021056,0.44,-0.56,1.0
0.0021060000000000002,0.52,-0.52,1.04
0.0021064,0.44,-0.52,0.96
0.0021068,0.48,-0.52,1.0
0.0021072,0.52,-0.48,1.0
0.0021076000000000003,0.6,-0.48,1.08
0.002108,0.56,-0.48,1.04
0.0021084,0.6,-0.4,1.0
0.0021088,0.64,-0.44,1.08
0.0021092,0.68,-0.32,1.0
0.0021096,0.64,-0.36,1.0
0.00211,0.76,-0.4,1.1600000000000001
0.0021104,0.76,-0.32,1.08
0.0021108,0.84,-0.28,1.12
0.0021112,0.8,-0.28,1.08
0.0021116,0.84,-0.24,1.08
0.002112,0.88,-0.28,1.1600000000000001
0.0021124,0.84,-0.2,1.04
0.0021128,0.88,-0.2,1.08
0.0021132,0.92,-0.2,1.12
0.0021136,0.96,-0.2,1.16
0.002114,0.96,-0.16,1.1199999999999999
0.0021144000000000002,1.0,-0.08,1.08
0.0021148,1.0,-0.12,1.12
0.0021152000000000002,1.0,-0.08,1.08
0.0021156,1.08,-0.08,1.1600000000000001
0.002116,1.08,-0.04,1.12
0.0021164,1.08,0.0,1.08
0.0021168000000000003,1.12,0.0,1.12
0.0021172,1.12,0.0,1.12
0.0021176,1.16,0.04,1.1199999999999999
0.002118,1.2,0.08,1.1199999999999999
0.0021184,1.2,0.08,1.1199999999999999
0.0021188,1.2,0.08,1.1199999999999999
0.0021192,1.2,0.16,1.04
0.0021196,1.24,0.08,1.16
0.00212,1.24,0.12,1.12
0.0021204,1.28,0.16,1.12
0.0021208,1.32,0.2,1.12
0.0021212,1.32,0.2,1.12
0.0021216,1.32,0.24,1.08
0.002122,1.36,0.28,1.08
0.0021224,1.36,0.24,1.12
0.0021228,1.32,0.32,1.0
0.0021232,1.4000000000000001,0.32,1.08
0.0021236000000000002,1.36,0.32,1.04
0.002124,1.4000000000000001,0.4,1.0
0.0021244000000000002,1.44,0.36,1.08
0.0021248,1.44,0.4,1.04
0.0021252,1.44,0.4,1.04
0.0021256,1.48,0.44,1.04
0.0021260000000000003,1.44,0.44,1.0
0.0021264,1.48,0.44,1.04
0.0021268,1.48,0.44,1.04
0.0021272,1.48,0.48,1.0
0.0021276,1.52,0.52,1.0
0.002128,1.52,0.52,1.0
0.0021284,1.52,0.56,0.96
0.0021288,1.52,0.52,1.0
0.0021292,1.52,0.56,0.96
0.0021296,1.56,0.56,1.0
0.00213,1.56,0.6,0.9600000000000001
0.0021304,1.52,0.6,0.92
0.0021308,1.52,0.6,0.92
0.0021312,1.52,0.64,0.88
0.0021316,1.52,0.64,0.88
0.002132,1.52,0.68,0.84
0.0021324,1.56,0.68,0.88
0.0021328000000000002,1.48,0.68,0.7999999999999999
0.0021332,1.56,0.68,0.88
0.0021336000000000003,1.56,0.72,0.8400000000000001
0.002134,1.56,0.8,0.76
0.0021344,1.48,0.8,0.6799999999999999
0.0021348,1.6,0.76,0.8400000000000001
0.0021352000000000003,1.56,0.8,0.76
0.0021356,1.56,0.84,0.7200000000000001
0.002136,1.52,0.84,0.68
0.0021364,1.52,0.8,0.72
0.0021368,1.56,0.84,0.7200000000000001
0.0021372,1.56,0.8,0.76
0.0021376,1.56,0.88,0.68
0.002138,1.52,0.88,0.64
0.0021384,1.56,0.88,0.68
0.0021388,1.52,0.88,0.64
0.0021392,1.52,0.88,0.64
0.0021396,1.48,0.88,0.6
0.00214,1.52,0.92,0.6
0.0021404,1.48,0.92,0.5599999999999999
0.0021408,1.52,0.96,0.56
0.0021412000000000002,1.52,0.96,0.56
0.0021416,1.48,0.92,0.5599999999999999
0.002142,1.48,0.96,0.52
0.0021424,1.4000000000000001,1.0,0.40000000000000013
0.0021428000000000003,1.4000000000000001,0.96,0.44000000000000017
0.0021432,1.48,0.96,0.52
0.0021436,1.4000000000000001,0.92,0.4800000000000001
0.002144,1.4000000000000001,1.04,0.3600000000000001
0.0021444,1.32,1.04,0.28
0.0021448,1.4000000000000001,1.04,0.3600000000000001
0.0021452,1.36,1.04,0.32000000000000006
0.0021456,1.4000000000000001,1.04,0.3600000000000001
0.002146,1.28,1.04,0.24
0.0021464,1.28,1.04,0.24
0.0021468,1.24,1.08,0.15999999999999992
0.0021472,1.28,1.08,0.19999999999999996
0.0021476,1.28,1.04,0.24
0.002148,1.28,1.0,0.28
0.0021484,1.2,1.08,0.11999999999999988
0.0021488,1.24,1.12,0.11999999999999988
0.0021492,1.2,1.04,0.15999999999999992
0.0021496,1.16,1.08,0.07999999999999985
0.00215,1.16,1.04,0.11999999999999988
0.0021504000000000002,1.2,1.08,0.11999999999999988
0.0021508,1.12,1.08,0.040000000000000036
0.0021512,1.08,1.08,0.0
0.0021516,1.12,1.04,0.08000000000000007
0.0021520000000000003,1.04,1.08,-0.040000000000000036
0.0021524,1.08,1.08,0.0
0.0021528,0.96,1.08,-0.1200000000000001
0.0021532,1.04,1.04,0.0
0.0021536,1.0,1.08,-0.08000000000000007
0.002154,0.96,1.08,-0.1200000000000001
0.0021544,0.92,1.08,-0.16000000000000003
0.0021548,0.96,1.12,-0.16000000000000014
0.0021552,0.92,1.08,-0.16000000000000003
0.0021556,0.84,1.08,-0.2400000000000001
0.002156,0.8,1.0,-0.19999999999999996
0.0021564,0.84,1.0,-0.16000000000000003
0.0021568,0.8,1.0,-0.19999999999999996
0.0021572,0.8,1.04,-0.24
0.0021576,0.76,1.0,-0.24
0.002158,0.72,1.04,-0.32000000000000006
0.0021584,0.68,1.0,-0.31999999999999995
0.0021588,0.68,1.04,-0.36
0.0021592,0.64,1.04,-0.4
0.0021596000000000002,0.6,1.04,-0.44000000000000006
0.00216,0.6,1.0,-0.4
0.0021604,0.56,1.0,-0.43999999999999995
0.0021608,0.52,1.0,-0.48
0.0021612000000000003,0.48,0.96,-0.48
0.0021616,0.4,1.0,-0.6
0.002162,0.48,0.96,-0.48
0.0021624,0.4,0.92,-0.52
0.0021628,0.48,0.96,-0.48
0.0021632,0.4,0.92,-0.52
0.0021636,0.36,0.92,-0.56
0.002164,0.28,0.92,-0.64
0.0021644,0.28,0.92,-0.64
0.0021648,0.24,0.96,-0.72
0.0021652,0.24,0.88,-0.64
0.0021656,0.2,0.84,-0.6399999999999999
0.002166,0.16,0.88,-0.72
0.0021664,0.12,0.8,-0.68
0.0021668,0.12,0.8,-0.68
0.0021672,0.12,0.84,-0.72
0.0021676,0.12,0.84,-0.72
0.0021680000000000002,0.08,0.84,-0.76
0.0021684,0.04,0.76,-0.72
0.0021688000000000002,0.04,0.76,-0.72
0.0021692,-0.08,0.8,-0.88
0.0021696,-0.04,0.76,-0.8
0.00217,-0.12,0.72,-0.84
0.0021704000000000003,-0.12,0.76,-0.88
0.0021708,-0.16,0.68,-0.8400000000000001
0.0021712,-0.2,0.68,-0.8800000000000001
0.0021716,-0.16,0.64,-0.8
0.002172,-0.24,0.68,-0.92
0.0021724,-0.28,0.64,-0.92
0.0021728,-0.24,0.64,-0.88
0.0021732,-0.32,0.64,-0.96
0.0021736,-0.32,0.6,-0.9199999999999999
0.002174,-0.36,0.56,-0.92
0.0021744,-0.4,0.56,-0.9600000000000001
0.0021748,-0.44,0.56,-1.0
0.0021752,-0.4,0.52,-0.92
0.0021756,-0.48,0.52,-1.0
0.002176,-0.52,0.52,-1.04
0.0021764,-0.56,0.48,-1.04
0.0021768,-0.52,0.48,-1.0
0.0021772,-0.6,0.48,-1.08
0.0021776,-0.6,0.4,-1.0
0.0021780000000000002,-0.64,0.44,-1.08
0.0021784,-0.64,0.4,-1.04
0.0021788,-0.72,0.4,-1.12
0.0021792,-0.72,0.36,-1.08
0.0021796000000000003,-0.76,0.32,-1.08
0.00218,-0.76,0.32,-1.08
0.0021804,-0.76,0.36,-1.12
0.0021808,-0.76,0.32,-1.08
0.0021812,-0.8,0.28,-1.08
0.0021816,-0.84,0.28,-1.12
0.002182,-0.92,0.24,-1.1600000000000001
0.0021824,-0.84,0.16,-1.0
0.0021828,-0.92,0.16,-1.08
0.0021832,-0.92,0.16,-1.08
0.0021836,-0.96,0.2,-1.16
0.002184,-0.96,0.12,-1.08
0.0021844,-0.96,0.16,-1.1199999999999999
0.0021848,-1.04,0.12,-1.1600000000000001
0.0021852,-1.04,0.08,-1.12
0.0021856,-1.08,0.04,-1.12
0.002186,-1.12,0.04,-1.1600000000000001
0.0021864,-1.16,0.04,-1.2
0.0021868,-1.12,0.0,-1.12
0.0021872000000000003,-1.16,-0.04,-1.1199999999999999
0.0021876,-1.2,-0.08,-1.1199999999999999
0.002188,-1.2,-0.08,-1.1199999999999999
0.0021884,-1.2,-0.04,-1.16
0.0021888000000000003,-1.24,-0.12,-1.12
0.0021892,-1.24,-0.12,-1.12
0.0021896,-1.28,-0.16,-1.12
0.00219,-1.28,-0.16,-1.12
0.0021904,-1.32,-0.16,-1.1600000000000001
0.0021908,-1.36,-0.16,-1.2000000000000002
0.0021912,-1.36,-0.2,-1.1600000000000001
0.0021916,-1.4000000000000001,-0.2,-1.2000000000000002
0.002192,-1.36,-0.28,-1.08
0.0021924,-1.36,-0.28,-1.08
0.0021928,-1.36,-0.28,-1.08
0.0021932,-1.36,-0.28,-1.08
0.0021936,-1.44,-0.32,-1.1199999999999999
0.002194,-1.4000000000000001,-0.36,-1.04
0.0021944,-1.44,-0.36,-1.08
0.0021948000000000002,-1.4000000000000001,-0.36,-1.04
0.0021952,-1.48,-0.36,-1.12
0.0021956,-1.48,-0.4,-1.08
0.002196,-1.48,-0.44,-1.04
0.0021964000000000003,-1.52,-0.48,-1.04
0.0021968,-1.52,-0.48,-1.04
0.0021972,-1.52,-0.52,-1.0
0.0021976,-1.52,-0.52,-1.0
0.0021980000000000003,-1.52,-0.6,-0.92
0.0021984,-1.56,-0.6,-0.9600000000000001
0.0021988,-1.52,-0.56,-0.96
0.0021992,-1.6,-0.6,-1.0
0.0021996,-1.56,-0.6,-0.9600000000000001
0.0022,-1.56,-0.64,-0.92
0.0022004,-1.56,-0.64,-0.92
0.0022008,-1.6,-0.68,-0.92
0.0022012,-1.6,-0.64,-0.9600000000000001
0.0022016,-1.6,-0.68,-0.92
0.002202,-1.6,-0.72,-0.8800000000000001
0.0022024,-1.6,-0.76,-0.8400000000000001
0.0022028,-1.56,-0.76,-0.8
0.0022031999999999998,-1.6,-0.72,-0.8800000000000001
0.0022036,-1.56,-0.76,-0.8
0.0022040000000000002,-1.56,-0.8,-0.76
0.0022044,-1.56,-0.8,-0.76
0.0022048,-1.56,-0.8,-0.76
0.0022052,-1.6,-0.84,-0.7600000000000001
0.0022056000000000003,-1.6,-0.84,-0.7600000000000001
0.002206,-1.6,-0.88,-0.7200000000000001
0.0022064,-1.6,-0.84,-0.7600000000000001
0.0022068,-1.56,-0.8,-0.76
0.0022072000000000003,-1.56,-0.8,-0.76
0.0022076,-1.56,-0.88,-0.68
0.002208,-1.56,-0.92,-0.64
0.0022084,-1.56,-0.92,-0.64
0.0022088,-1.52,-0.88,-0.64
0.0022092,-1.52,-0.92,-0.6
0.0022096,-1.52,-0.96,-0.56
0.00221,-1.56,-0.92,-0.64
0.0022104,-1.52,-0.96,-0.56
0.0022108,-1.52,-1.0,-0.52
0.0022112,-1.48,-1.0,-0.48
0.0022116,-1.48,-1.0,-0.48
0.002212,-1.52,-1.0,-0.52
0.0022124,-1.48,-1.04,-0.43999999999999995
0.0022128,-1.44,-1.0,-0.43999999999999995
0.0022132000000000002,-1.48,-1.0,-0.48
0.0022136,-1.44,-1.0,-0.43999999999999995
0.002214,-1.44,-1.08,-0.3599999999999999
0.0022144,-1.44,-1.04,-0.3999999999999999
0.0022148000000000003,-1.44,-1.04,-0.3999999999999999
0.0022152,-1.36,-1.04,-0.32000000000000006
0.0022156,-1.4000000000000001,-1.08,-0.32000000000000006
0.002216,-1.4000000000000001,-1.08,-0.32000000000000006
0.0022164000000000003,-1.36,-1.04,-0.32000000000000006
0.0022168,-1.36,-1.04,-0.32000000000000006
0.0022172,-1.28,-1.08,-0.19999999999999996
0.0022176,-1.28,-1.08,-0.19999999999999996
0.002218,-1.32,-1.12,-0.19999999999999996
0.0022184,-1.28,-1.08,-0.19999999999999996
0.0022188,-1.32,-1.04,-0.28
0.0022192,-1.24,-1.12,-0.11999999999999988
0.0022196,-1.24,-1.12,-0.11999999999999988
0.00222,-1.24,-1.08,-0.15999999999999992
0.0022204,-1.16,-1.08,-0.07999999999999985
0.0022208,-1.2,-1.08,-0.11999999999999988
0.0022212,-1.12,-1.08,-0.040000000000000036
0.0022216,-1.16,-1.08,-0.07999999999999985
0.002222,-1.12,-1.08,-0.040000000000000036
0.0022224000000000002,-1.04,-1.08,0.040000000000000036
0.0022228,-1.08,-1.12,0.040000000000000036
0.0022232,-1.04,-1.08,0.040000000000000036
0.0022236,-1.04,-1.04,0.0
0.0022240000000000003,-1.0,-1.12,0.1200000000000001
0.0022244,-0.92,-1.08,0.16000000000000003
0.0022248,-0.96,-1.08,0.1200000000000001
0.0022252,-0.92,-1.08,0.16000000000000003
0.0022256,-0.88,-1.12,0.2400000000000001
0.002226,-0.88,-1.12,0.2400000000000001
0.0022264,-0.84,-1.08,0.2400000000000001
0.0022268,-0.88,-1.08,0.20000000000000007
0.0022272,-0.8,-1.12,0.32000000000000006
0.0022276,-0.8,-1.08,0.28
0.002228,-0.76,-1.04,0.28
0.0022284,-0.72,-1.08,0.3600000000000001
0.0022288,-0.72,-1.0,0.28
0.0022292,-0.68,-1.04,0.36
0.0022296,-0.68,-1.0,0.31999999999999995
0.00223,-0.64,-1.0,0.36
0.0022304,-0.64,-1.0,0.36
0.0022308,-0.6,-1.0,0.4
0.0022312,-0.52,-1.0,0.48
0.0022316000000000003,-0.52,-1.0,0.48
0.002232,-0.52,-0.96,0.43999999999999995
0.0022324,-0.44,-1.04,0.6000000000000001
0.0022328,-0.44,-0.96,0.52
0.0022332000000000003,-0.4,-0.96,0.5599999999999999
0.0022336,-0.4,-0.96,0.5599999999999999
0.002234,-0.36,-0.96,0.6
0.0022344,-0.32,-0.92,0.6000000000000001
0.0022348,-0.32,-0.88,0.56
0.0022352,-0.36,-0.88,0.52
0.0022356,-0.28,-0.88,0.6
0.002236,-0.24,-0.92,0.68
0.0022364,-0.24,-0.88,0.64
0.0022368,-0.2,-0.84,0.6399999999999999
0.0022372,-0.12,-0.88,0.76
0.0022376,-0.12,-0.84,0.72
0.002238,-0.08,-0.8,0.7200000000000001
0.0022384,-0.12,-0.76,0.64
0.0022388,-0.04,-0.76,0.72
0.0022392000000000002,0.0,-0.8,0.8
0.0022396,0.04,-0.76,0.8
0.00224,0.08,-0.72,0.7999999999999999
0.0022404,0.08,-0.76,0.84
0.0022408000000000003,0.12,-0.72,0.84
0.0022412,0.12,-0.68,0.8
0.0022416,0.12,-0.64,0.76
0.002242,0.16,-0.72,0.88
0.0022424000000000003,0.2,-0.72,0.9199999999999999
0.0022428,0.24,-0.64,0.88
0.0022432,0.24,-0.64,0.88
0.0022436,0.28,-0.56,0.8400000000000001
0.002244,0.4,-0.6,1.0
0.0022444,0.36,-0.56,0.92
0.0022448,0.36,-0.56,0.92
0.0022452,0.4,-0.56,0.9600000000000001
0.0022456,0.44,-0.6,1.04
0.002246,0.48,-0.52,1.0
0.0022464,0.48,-0.44,0.9199999999999999
0.0022468,0.48,-0.44,0.9199999999999999
0.0022472,0.56,-0.44,1.0
0.0022476,0.64,-0.44,1.08
0.002248,0.64,-0.4,1.04
0.0022484000000000002,0.64,-0.36,1.0
0.0022488,0.68,-0.36,1.04
0.0022492,0.68,-0.36,1.04
0.0022496,0.72,-0.32,1.04
0.0022500000000000003,0.72,-0.32,1.04
0.0022504,0.76,-0.28,1.04
0.0022508,0.76,-0.32,1.08
0.0022512,0.84,-0.32,1.16
0.0022516000000000003,0.76,-0.24,1.0
0.002252,0.84,-0.24,1.08
0.0022524,0.88,-0.2,1.08
0.0022528,0.92,-0.2,1.12
0.0022532,0.92,-0.2,1.12
0.0022536,0.96,-0.16,1.1199999999999999
0.002254,1.0,-0.12,1.12
0.0022544,0.96,-0.12,1.08
0.0022548,1.0,-0.08,1.08
0.0022552,1.0,-0.12,1.12
0.0022556,1.04,-0.04,1.08
0.002256,1.04,-0.08,1.12
0.0022564,1.12,0.0,1.12
0.0022567999999999998,1.12,0.0,1.12
0.0022572,1.2,0.04,1.16
0.0022576000000000002,1.16,0.04,1.1199999999999999
0.002258,1.2,0.04,1.16
0.0022584,1.16,0.04,1.1199999999999999
0.0022588,1.2,0.08,1.1199999999999999
0.0022592000000000003,1.2,0.12,1.08
0.0022596,1.24,0.16,1.08
0.00226,1.32,0.12,1.2000000000000002
0.0022604,1.28,0.16,1.12
0.0022608000000000003,1.28,0.2,1.08
0.0022612,1.32,0.2,1.12
0.0022616,1.32,0.2,1.12
0.002262,1.4000000000000001,0.24,1.1600000000000001
0.0022624,1.36,0.2,1.1600000000000001
0.0022628,1.36,0.32,1.04
0.0022632,1.32,0.32,1.0
0.0022636,1.44,0.32,1.1199999999999999
0.002264,1.44,0.4,1.04
0.0022644,1.44,0.4,1.04
0.0022648,1.4000000000000001,0.36,1.04
0.0022652,1.44,0.4,1.04
0.0022656,1.44,0.36,1.08
0.002266,1.44,0.48,0.96
0.0022664,1.44,0.44,1.0
0.0022668000000000002,1.44,0.44,1.0
0.0022672,1.48,0.44,1.04
0.0022676,1.44,0.52,0.9199999999999999
0.002268,1.44,0.52,0.9199999999999999
0.0022684000000000003,1.52,0.56,0.96
0.0022688,1.52,0.52,1.0
0.0022692,1.56,0.56,1.0
0.0022696,1.52,0.56,0.96
0.00227,1.52,0.56,0.96
0.0022704,1.56,0.6,0.9600000000000001
0.0022708,1.52,0.64,0.88
0.0022712,1.52,0.64,0.88
0.0022716,1.52,0.68,0.84
0.002272,1.56,0.64,0.92
0.0022724,1.52,0.68,0.84
0.0022728,1.52,0.72,0.8
0.0022732,1.56,0.68,0.88
0.0022736,1.56,0.76,0.8
0.002274,1.56,0.68,0.88
0.0022744,1.6,0.76,0.8400000000000001
0.0022748,1.48,0.76,0.72
0.0022752,1.6,0.76,0.8400000000000001
0.0022756,1.52,0.8,0.72
0.0022760000000000002,1.56,0.8,0.76
0.0022764,1.56,0.8,0.76
0.0022768,1.56,0.84,0.7200000000000001
0.0022772,1.52,0.8,0.72
0.0022776000000000003,1.56,0.84,0.7200000000000001
0.002278,1.56,0.84,0.7200000000000001
0.0022784,1.52,0.84,0.68
0.0022788,1.52,0.88,0.64
0.0022792,1.52,0.88,0.64
0.0022796,1.48,0.92,0.5599999999999999
0.00228,1.48,0.92,0.5599999999999999
0.0022804,1.48,0.92,0.5599999999999999
0.0022808,1.44,0.92,0.5199999999999999
0.0022812,1.48,0.96,0.52
0.0022816,1.52,0.96,0.56
0.002282,1.44,0.96,0.48
0.0022824,1.48,1.0,0.48
0.0022828,1.4000000000000001,0.96,0.44000000000000017
0.0022832,1.44,1.0,0.43999999999999995
0.0022836,1.44,1.04,0.3999999999999999
0.002284,1.4000000000000001,1.0,0.40000000000000013
0.0022844,1.4000000000000001,1.0,0.40000000000000013
0.0022848,1.36,1.0,0.3600000000000001
0.0022852000000000003,1.36,1.04,0.32000000000000006
0.0022856,1.36,1.04,0.32000000000000006
0.002286,1.32,1.04,0.28
0.0022864,1.32,1.08,0.24
0.0022868000000000003,1.32,1.04,0.28
0.0022872,1.28,1.08,0.19999999999999996
0.0022876,1.28,1.04,0.24
0.002288,1.24,1.08,0.15999999999999992
0.0022884,1.24,1.04,0.19999999999999996
0.0022888,1.28,1.04,0.24
0.0022892,1.16,1.08,0.07999999999999985
0.0022896,1.2,1.04,0.15999999999999992
0.00229,1.16,1.04,0.11999999999999988
0.0022904,1.12,1.04,0.08000000000000007
0.0022908,1.16,1.04,0.11999999999999988
0.0022912,1.08,1.08,0.0
0.0022916,1.08,1.04,0.040000000000000036
0.002292,1.12,1.08,0.040000000000000036
0.0022924,1.04,1.08,-0.040000000000000036
0.0022928000000000002,0.96,1.08,-0.1200000000000001
0.0022932,1.04,1.0,0.040000000000000036
0.0022936,1.04,1.12,-0.08000000000000007
0.002294,0.92,1.08,-0.16000000000000003
0.0022944000000000003,0.96,1.08,-0.1200000000000001
0.0022948,0.92,1.08,-0.16000000000000003
0.0022952,0.88,1.08,-0.20000000000000007
0.0022956,0.88,1.04,-0.16000000000000003
0.0022960000000000003,0.84,1.04,-0.20000000000000007
0.0022964,0.8,1.04,-0.24
0.0022968,0.8,1.04,-0.24
0.0022972,0.8,1.04,-0.24
0.0022976,0.76,1.04,-0.28
0.002298,0.72,1.04,-0.32000000000000006
0.0022984,0.72,1.04,-0.32000000000000006
0.0022988,0.68,1.04,-0.36
0.0022992,0.68,1.04,-0.36
0.0022996,0.64,1.0,-0.36
0.0023,0.6,1.04,-0.44000000000000006
0.0023004,0.56,0.96,-0.3999999999999999
0.0023008,0.52,1.0,-0.48
0.0023011999999999998,0.52,0.92,-0.4
0.0023016,0.52,1.0,-0.48
0.0023020000000000002,0.44,0.96,-0.52
0.0023024,0.48,1.0,-0.52
0.0023028,0.4,1.0,-0.6
0.0023032,0.4,0.96,-0.5599999999999999
0.0023036000000000003,0.36,0.96,-0.6
0.002304,0.36,0.96,-0.6
0.0023044,0.28,0.88,-0.6
0.0023048,0.28,0.88,-0.6
0.0023052000000000003,0.24,0.88,-0.64
0.0023056,0.24,0.84,-0.6
0.002306,0.12,0.88,-0.76
0.0023064,0.2,0.8,-0.6000000000000001
0.0023068,0.12,0.8,-0.68
0.0023072,0.12,0.84,-0.72
0.0023076,0.08,0.8,-0.7200000000000001
0.002308,0.08,0.8,-0.7200000000000001
0.0023084,0.0,0.76,-0.76
0.0023088,-0.04,0.76,-0.8
0.0023092,-0.04,0.76,-0.8
0.0023096,-0.12,0.76,-0.88
0.00231,-0.08,0.72,-0.7999999999999999
0.0023103999999999998,-0.12,0.68,-0.8
0.0023108,-0.16,0.68,-0.8400000000000001
0.0023112000000000002,-0.24,0.68,-0.92
0.0023116,-0.2,0.64,-0.8400000000000001
0.002312,-0.28,0.68,-0.9600000000000001
0.0023124,-0.24,0.64,-0.88
0.0023128000000000003,-0.28,0.64,-0.92
0.0023132,-0.36,0.6,-0.96
0.0023136,-0.32,0.6,-0.9199999999999999
0.002314,-0.36,0.56,-0.92
0.0023144000000000003,-0.44,0.56,-1.0
0.0023148,-0.44,0.56,-1.0
0.0023152,-0.44,0.52,-0.96
0.0023156,-0.48,0.48,-0.96
0.002316,-0.52,0.48,-1.0
0.0023164,-0.52,0.48,-1.0
0.0023168,-0.56,0.44,-1.0
0.0023172,-0.6,0.44,-1.04
0.0023176,-0.6,0.4,-1.0
0.002318,-0.68,0.44,-1.12
0.0023184,-0.64,0.36,-1.0
0.0023188,-0.68,0.4,-1.08
0.0023192,-0.72,0.4,-1.12
0.0023196,-0.8,0.32,-1.12
0.00232,-0.8,0.32,-1.12
0.0023204000000000002,-0.8,0.32,-1.12
0.0023208,-0.8,0.24,-1.04
0.0023212,-0.84,0.28,-1.12
0.0023216,-0.88,0.24,-1.12
0.0023220000000000003,-0.88,0.24,-1.12
0.0023224,-0.92,0.2,-1.12
0.0023228,-0.88,0.2,-1.08
0.0023232,-0.92,0.16,-1.08
0.0023236,-0.96,0.16,-1.1199999999999999
0.002324,-1.04,0.12,-1.1600000000000001
0.0023244,-1.0,0.16,-1.16
0.0023248,-1.0,0.04,-1.04
0.0023252,-1.08,0.04,-1.12
0.0023256,-1.12,0.08,-1.2000000000000002
0.002326,-1.12,0.04,-1.1600000000000001
0.0023264,-1.12,0.0,-1.12
0.0023268,-1.12,-0.04,-1.08
0.0023272,-1.16,-0.04,-1.1199999999999999
0.0023276,-1.2,-0.04,-1.16
0.002328,-1.2,-0.08,-1.1199999999999999
0.0023284,-1.2,-0.08,-1.1199999999999999
0.0023288,-1.24,-0.04,-1.2
0.0023292,-1.24,-0.16,-1.08
0.0023296000000000002,-1.32,-0.08,-1.24
0.00233,-1.24,-0.2,-1.04
0.0023304,-1.32,-0.2,-1.12
0.0023308,-1.32,-0.16,-1.1600000000000001
0.0023312000000000003,-1.36,-0.24,-1.12
0.0023316,-1.4000000000000001,-0.24,-1.1600000000000001
0.002332,-1.36,-0.24,-1.12
0.0023324,-1.4000000000000001,-0.28,-1.12
0.0023328,-1.4000000000000001,-0.32,-1.08
0.0023332,-1.4000000000000001,-0.28,-1.12
0.0023336,-1.4000000000000001,-0.32,-1.08
0.002334,-1.4000000000000001,-0.32,-1.08
0.0023344,-1.44,-0.4,-1.04
0.0023348,-1.44,-0.36,-1.08
0.0023352,-1.44,-0.4,-1.04
0.0023356,-1.48,-0.44,-1.04
0.002336,-1.48,-0.44,-1.04
0.0023364,-1.48,-0.44,-1.04
0.0023368,-1.48,-0.48,-1.0
0.0023372,-1.52,-0.48,-1.04
0.0023376,-1.56,-0.56,-1.0
0.002338,-1.48,-0.52,-0.96
0.0023384,-1.56,-0.56,-1.0
0.0023388000000000003,-1.52,-0.56,-0.96
0.0023392,-1.52,-0.56,-0.96
0.0023396,-1.56,-0.6,-0.9600000000000001
0.00234,-1.56,-0.6,-0.9600000000000001
0.0023404000000000003,-1.56,-0.64,-0.92
0.0023408,-1.6,-0.64,-0.9600000000000001
0.0023412,-1.52,-0.68,-0.84
0.0023416,-1.56,-0.72,-0.8400000000000001
0.002342,-1.56,-0.72,-0.8400000000000001
0.0023424,-1.56,-0.72,-0.8400000000000001
0.0023428,-1.6,-0.76,-0.8400000000000001
0.0023432,-1.56,-0.72,-0.8400000000000001
0.0023436,-1.6,-0.76,-0.8400000000000001
0.002344,-1.6,-0.8,-0.8
0.0023444,-1.6,-0.8,-0.8
0.0023448,-1.6,-0.8,-0.8
0.0023452,-1.6,-0.8,-0.8
0.0023455999999999998,-1.6,-0.84,-0.7600000000000001
0.002346,-1.56,-0.88,-0.68
0.0023464000000000002,-1.6,-0.84,-0.7600000000000001
0.0023468,-1.6,-0.84,-0.7600000000000001
0.0023472,-1.56,-0.88,-0.68
0.0023476,-1.56,-0.88,-0.68
0.0023480000000000003,-1.56,-0.92,-0.64
0.0023484,-1.56,-0.88,-0.68
0.0023488,-1.56,-0.96,-0.6000000000000001
0.0023492,-1.56,-0.88,-0.68
0.0023496000000000003,-1.56,-0.92,-0.64
0.00235,-1.52,-0.96,-0.56
0.0023504,-1.56,-0.92,-0.64
0.0023508,-1.52,-0.96,-0.56
0.0023512,-1.48,-1.0,-0.48
0.0023516,-1.48,-1.04,-0.43999999999999995
0.002352,-1.48,-1.0,-0.48
0.0023524,-1.44,-1.0,-0.43999999999999995
0.0023528,-1.48,-1.0,-0.48
0.0023532,-1.44,-1.04,-0.3999999999999999
0.0023536,-1.48,-1.0,-0.48
0.002354,-1.44,-1.04,-0.3999999999999999
0.0023544,-1.4000000000000001,-1.08,-0.32000000000000006
0.0023547999999999998,-1.4000000000000001,-1.08,-0.32000000000000006
0.0023552,-1.44,-1.08,-0.3599999999999999
0.0023556000000000002,-1.36,-1.04,-0.32000000000000006
0.002356,-1.36,-1.12,-0.24
0.0023564,-1.32,-1.08,-0.24
0.0023568,-1.32,-1.12,-0.19999999999999996
0.0023572000000000003,-1.32,-1.08,-0.24
0.0023576,-1.32,-1.08,-0.24
0.002358,-1.28,-1.08,-0.19999999999999996
0.0023584,-1.24,-1.12,-0.11999999999999988
0.0023588000000000003,-1.28,-1.08,-0.19999999999999996
0.0023592,-1.24,-1.12,-0.11999999999999988
0.0023596,-1.2,-1.08,-0.11999999999999988
0.00236,-1.2,-1.08,-0.11999999999999988
0.0023604,-1.2,-1.12,-0.07999999999999985
0.0023608,-1.16,-1.16,0.0
0.0023612,-1.12,-1.12,0.0
0.0023616,-1.08,-1.08,0.0
0.002362,-1.12,-1.08,-0.040000000000000036
0.0023624,-1.08,-1.12,0.040000000000000036
0.0023628,-1.04,-1.12,0.08000000000000007
0.0023632,-1.08,-1.12,0.040000000000000036
0.0023636,-1.04,-1.12,0.08000000000000007
0.0023639999999999998,-1.0,-1.08,0.08000000000000007
0.0023644,-0.96,-1.12,0.16000000000000014
0.0023648000000000002,-0.96,-1.12,0.16000000000000014
0.0023652,-0.96,-1.08,0.1200000000000001
0.0023656,-0.92,-1.08,0.16000000000000003
0.002366,-0.88,-1.04,0.16000000000000003
0.0023664000000000003,-0.8,-1.12,0.32000000000000006
0.0023668,-0.8,-1.08,0.28
0.0023672,-0.8,-1.08,0.28
0.0023676,-0.76,-1.08,0.32000000000000006
0.002368,-0.76,-1.08,0.32000000000000006
0.0023684,-0.76,-1.0,0.24
0.0023688,-0.76,-1.08,0.32000000000000006
0.0023692,-0.72,-1.04,0.32000000000000006
0.0023696,-0.64,-1.04,0.4
0.00237,-0.64,-1.04,0.4
0.0023704,-0.64,-1.04,0.4
0.0023708,-0.6,-1.08,0.4800000000000001
0.0023712,-0.52,-0.96,0.43999999999999995
0.0023716,-0.52,-0.96,0.43999999999999995
0.002372,-0.48,-1.0,0.52
0.0023724,-0.48,-1.0,0.52
0.0023728,-0.4,-0.96,0.5599999999999999
0.0023732,-0.36,-0.96,0.6
0.0023736,-0.36,-1.0,0.64
0.0023740000000000002,-0.36,-0.96,0.6
0.0023744,-0.36,-0.92,0.56
0.0023748,-0.32,-0.96,0.6399999999999999
0.0023752,-0.28,-0.92,0.64
0.0023756000000000003,-0.28,-0.92,0.64
0.002376,-0.2,-0.88,0.6799999999999999
0.0023764,-0.16,-0.88,0.72
0.0023768,-0.2,-0.88,0.6799999999999999
0.0023772,-0.12,-0.84,0.72
0.0023776,-0.12,-0.84,0.72
0.002378,-0.08,-0.8,0.7200000000000001
0.0023784,-0.08,-0.8,0.7200000000000001
0.0023788,-0.04,-0.8,0.76
0.0023792,-0.04,-0.8,0.76
0.0023796,0.0,-0.8,0.8
0.00238,0.04,-0.72,0.76
0.0023804,0.08,-0.76,0.84
0.0023808,0.16,-0.72,0.88
0.0023812,0.12,-0.72,0.84
0.0023816,0.2,-0.68,0.8800000000000001
0.002382,0.16,-0.68,0.8400000000000001
0.0023824,0.28,-0.64,0.92
0.0023828,0.28,-0.6,0.88
0.0023832000000000002,0.32,-0.64,0.96
0.0023836,0.32,-0.64,0.96
0.002384,0.36,-0.64,1.0
0.0023844,0.36,-0.56,0.92
0.0023848000000000003,0.4,-0.56,0.9600000000000001
0.0023852,0.36,-0.52,0.88
0.0023856,0.44,-0.56,1.0
0.002386,0.48,-0.56,1.04
0.0023864,0.52,-0.48,1.0
0.0023868,0.56,-0.48,1.04
0.0023872,0.52,-0.48,1.0
0.0023876,0.56,-0.48,1.04
0.002388,0.6,-0.36,0.96
0.0023884,0.64,-0.4,1.04
0.0023888,0.64,-0.4,1.04
0.0023892,0.72,-0.4,1.12
0.0023896,0.72,-0.32,1.04
0.00239,0.72,-0.32,1.04
0.0023904,0.76,-0.32,1.08
0.0023908,0.8,-0.28,1.08
0.0023912,0.8,-0.28,1.08
0.0023916,0.8,-0.28,1.08
0.002392,0.84,-0.2,1.04
0.0023924000000000003,0.92,-0.24,1.1600000000000001
0.0023928,0.92,-0.24,1.1600000000000001
0.0023932,0.96,-0.2,1.16
0.0023936,0.92,-0.16,1.08
0.0023940000000000003,0.96,-0.16,1.1199999999999999
0.0023944,0.96,-0.16,1.1199999999999999
0.0023948,1.0,-0.08,1.08
0.0023952,1.0,-0.08,1.08
0.0023956,1.04,-0.04,1.08
0.002396,1.08,-0.08,1.1600000000000001
0.0023964,1.12,0.0,1.12
0.0023968,1.08,0.0,1.08
0.0023972,1.12,0.0,1.12
0.0023976,1.16,0.0,1.16
0.002398,1.2,0.04,1.16
0.0023984,1.16,0.12,1.04
0.0023988,1.2,0.08,1.1199999999999999
0.0023991999999999998,1.2,0.08,1.1199999999999999
0.0023996,1.24,0.12,1.12
0.0024000000000000002,1.24,0.16,1.08
0.0024004,1.24,0.16,1.08
0.0024008,1.28,0.2,1.08
0.0024012,1.32,0.2,1.12
0.0024016000000000003,1.32,0.2,1.12
0.002402,1.36,0.28,1.08
0.0024024,1.36,0.28,1.08
0.0024028,1.36,0.28,1.08
0.0024032000000000003,1.36,0.28,1.08
0.0024036,1.36,0.36,1.0
0.002404,1.4000000000000001,0.32,1.08
0.0024044,1.36,0.32,1.04
0.0024048,1.48,0.4,1.08
0.0024052,1.44,0.4,1.04
0.0024056,1.52,0.44,1.08
0.002406,1.48,0.4,1.08
0.0024064,1.52,0.44,1.08
0.0024068,1.48,0.44,1.04
0.0024072,1.48,0.48,1.0
0.0024076,1.52,0.52,1.0
0.002408,1.48,0.56,0.9199999999999999
0.0024083999999999998,1.48,0.56,0.9199999999999999
0.0024088,1.52,0.56,0.96
0.0024092000000000002,1.52,0.52,1.0
0.0024096,1.52,0.56,0.96
0.00241,1.52,0.6,0.92
0.0024104,1.56,0.56,1.0
0.0024108000000000003,1.52,0.64,0.88
0.0024112,1.6,0.68,0.92
0.0024116,1.52,0.72,0.8
0.002412,1.56,0.72,0.8400000000000001
0.0024124,1.56,0.72,0.8400000000000001
0.0024128,1.56,0.72,0.8400000000000001
0.0024132,1.56,0.72,0.8400000000000001
0.0024136,1.52,0.68,0.84
0.002414,1.56,0.76,0.8
0.0024144,1.6,0.76,0.8400000000000001
0.0024148,1.52,0.72,0.8
0.0024152,1.56,0.76,0.8
0.0024156,1.6,0.8,0.8
0.002416,1.56,0.8,0.76
0.0024164,1.6,0.8,0.8
0.0024168,1.56,0.84,0.7200000000000001
0.0024172,1.56,0.88,0.68
0.0024176,1.52,0.84,0.68
0.002418,1.56,0.88,0.68
0.0024184000000000002,1.52,0.88,0.64
0.0024188,1.52,0.84,0.68
0.0024192,1.52,0.92,0.6
0.0024196,1.52,0.92,0.6
0.0024200000000000003,1.48,0.88,0.6
0.0024204,1.48,0.92,0.5599999999999999
0.0024208,1.48,0.92,0.5599999999999999
0.0024212,1.48,0.96,0.52
0.0024216,1.48,1.0,0.48
0.002422,1.48,1.0,0.48
0.0024224,1.48,1.04,0.43999999999999995
0.0024228,1.48,0.96,0.52
0.0024232,1.36,1.0,0.3600000000000001
0.0024236,1.36,1.0,0.3600000000000001
0.002424,1.36,0.96,0.40000000000000013
0.0024244,1.4000000000000001,0.96,0.44000000000000017
0.0024248,1.32,1.0,0.32000000000000006
0.0024252,1.36,1.0,0.3600000000000001
0.0024256,1.36,1.04,0.32000000000000006
0.002426,1.32,1.04,0.28
0.0024264,1.32,1.04,0.28
0.0024268,1.32,1.04,0.28
0.0024272,1.32,1.04,0.28
0.0024276000000000002,1.32,1.04,0.28
0.002428,1.24,1.08,0.15999999999999992
0.0024284,1.24,1.08,0.15999999999999992
0.0024288,1.2,1.08,0.11999999999999988
0.0024292000000000003,1.2,1.08,0.11999999999999988
0.0024296,1.16,1.08,0.07999999999999985
0.00243,1.16,1.08,0.07999999999999985
0.0024304,1.2,1.04,0.15999999999999992
0.0024308,1.12,1.12,0.0
0.0024312,1.12,1.04,0.08000000000000007
0.0024316,1.08,1.12,-0.040000000000000036
0.002432,1.12,1.08,0.040000000000000036
0.0024324,1.08,1.04,0.040000000000000036
0.0024328,1.04,1.08,-0.040000000000000036
0.0024332,1.0,1.04,-0.040000000000000036
0.0024336,1.0,1.08,-0.08000000000000007
0.002434,0.96,1.08,-0.1200000000000001
0.0024344,0.92,1.08,-0.16000000000000003
0.0024348,0.92,1.08,-0.16000000000000003
0.0024352,0.92,1.04,-0.12
0.0024356,0.88,1.0,-0.12
0.002436,0.88,1.04,-0.16000000000000003
0.0024364,0.84,1.04,-0.20000000000000007
0.0024368000000000003,0.84,1.08,-0.2400000000000001
0.0024372,0.76,1.04,-0.28
0.0024376,0.76,1.04,-0.28
0.002438,0.72,1.04,-0.32000000000000006
0.0024384000000000003,0.72,0.96,-0.24
0.0024388,0.68,1.04,-0.36
0.0024392,0.6,1.0,-0.4
0.0024396,0.6,1.04,-0.44000000000000006
0.00244,0.6,1.0,-0.4
0.0024404,0.56,0.96,-0.3999999999999999
0.0024408,0.52,1.0,-0.48
0.0024412,0.48,1.0,-0.52
0.0024416,0.48,0.96,-0.48
0.002442,0.48,1.0,-0.52
0.0024424,0.44,0.96,-0.52
0.0024428,0.4,0.96,-0.5599999999999999
0.0024432,0.4,0.96,-0.5599999999999999
0.0024435999999999998,0.36,0.96,-0.6
0.002444,0.36,0.92,-0.56
0.0024444000000000002,0.28,0.92,-0.64
0.0024448,0.28,0.92,-0.64
0.0024452,0.28,0.92,-0.64
0.0024456,0.24,0.84,-0.6
0.0024460000000000003,0.2,0.84,-0.6399999999999999
0.0024464,0.16,0.84,-0.6799999999999999
0.0024468,0.12,0.84,-0.72
0.0024472,0.12,0.8,-0.68
0.0024476000000000003,0.08,0.84,-0.76
0.002448,0.04,0.8,-0.76
0.0024484,0.04,0.8,-0.76
0.0024488,0.0,0.76,-0.76
0.0024492,-0.04,0.76,-0.8
0.0024496,-0.12,0.76,-0.88
0.00245,-0.12,0.72,-0.84
0.0024504,-0.12,0.72,-0.84
0.0024508,-0.12,0.72,-0.84
0.0024512,-0.16,0.72,-0.88
0.0024516,-0.2,0.72,-0.9199999999999999
0.002452,-0.16,0.64,-0.8
0.0024524,-0.28,0.64,-0.92
0.0024527999999999998,-0.28,0.64,-0.92
0.0024532,-0.32,0.6,-0.9199999999999999
0.0024536000000000002,-0.36,0.6,-0.96
0.002454,-0.4,0.6,-1.0
0.0024544,-0.4,0.56,-0.9600000000000001
0.0024548,-0.44,0.56,-1.0
0.0024552000000000003,-0.44,0.52,-0.96
0.0024556,-0.48,0.52,-1.0
0.002456,-0.48,0.48,-0.96
0.0024564,-0.52,0.44,-0.96
0.0024568000000000003,-0.56,0.44,-1.0
0.0024572,-0.6,0.44,-1.04
0.0024576,-0.6,0.48,-1.08
0.002458,-0.64,0.44,-1.08
0.0024584,-0.68,0.36,-1.04
0.0024588,-0.72,0.36,-1.08
0.0024592,-0.72,0.4,-1.12
0.0024596,-0.72,0.32,-1.04
0.00246,-0.76,0.32,-1.08
0.0024604,-0.8,0.28,-1.08
0.0024608,-0.8,0.28,-1.08
0.0024612,-0.84,0.28,-1.12
0.0024616,-0.84,0.24,-1.08
0.0024619999999999998,-0.84,0.24,-1.08
0.0024624,-0.84,0.24,-1.08
0.0024628000000000002,-0.96,0.16,-1.1199999999999999
0.0024632,-0.92,0.16,-1.08
0.0024636,-0.96,0.16,-1.1199999999999999
0.002464,-1.0,0.12,-1.12
0.0024644000000000003,-1.04,0.12,-1.1600000000000001
0.0024648,-1.04,0.08,-1.12
0.0024652,-1.04,0.04,-1.08
0.0024656,-1.08,0.08,-1.1600000000000001
0.002466,-1.08,0.04,-1.12
0.0024664,-1.04,0.0,-1.04
0.0024668,-1.16,0.0,-1.16
0.0024672,-1.12,0.0,-1.12
0.0024676,-1.16,-0.04,-1.1199999999999999
0.002468,-1.24,-0.08,-1.16
0.0024684,-1.2,-0.12,-1.08
0.0024688,-1.24,-0.08,-1.16
0.0024692,-1.24,-0.12,-1.12
0.0024696,-1.28,-0.12,-1.1600000000000001
0.00247,-1.28,-0.16,-1.12
0.0024704,-1.32,-0.2,-1.12
0.0024708,-1.32,-0.2,-1.12
0.0024712,-1.32,-0.24,-1.08
0.0024716,-1.32,-0.2,-1.12
0.0024720000000000002,-1.36,-0.28,-1.08
0.0024724,-1.36,-0.32,-1.04
0.0024728,-1.44,-0.28,-1.16
0.0024732,-1.4000000000000001,-0.32,-1.08
0.0024736000000000003,-1.4000000000000001,-0.36,-1.04
0.002474,-1.44,-0.36,-1.08
0.0024744,-1.48,-0.36,-1.12
0.0024748,-1.44,-0.4,-1.04
0.0024752,-1.48,-0.44,-1.04
0.0024756,-1.48,-0.44,-1.04
0.002476,-1.48,-0.44,-1.04
0.0024764,-1.48,-0.44,-1.04
0.0024768,-1.52,-0.48,-1.04
0.0024772,-1.48,-0.48,-1.0
0.0024776,-1.48,-0.52,-0.96
0.002478,-1.56,-0.56,-1.0
0.0024784,-1.52,-0.56,-0.96
0.0024788,-1.52,-0.6,-0.92
0.0024792,-1.56,-0.56,-1.0
0.0024796,-1.52,-0.64,-0.88
0.00248,-1.52,-0.64,-0.88
0.0024804,-1.56,-0.6,-0.9600000000000001
0.0024808,-1.6,-0.64,-0.9600000000000001
0.0024812000000000002,-1.56,-0.64,-0.92
0.0024816,-1.56,-0.68,-0.88
0.002482,-1.56,-0.72,-0.8400000000000001
0.0024824,-1.6,-0.72,-0.8800000000000001
0.0024828000000000003,-1.56,-0.72,-0.8400000000000001
0.0024832,-1.6,-0.72,-0.8800000000000001
0.0024836,-1.6,-0.76,-0.8400000000000001
0.002484,-1.6,-0.76,-0.8400000000000001
0.0024844,-1.6,-0.8,-0.8
0.0024848,-1.6,-0.84,-0.7600000000000001
0.0024852,-1.6,-0.76,-0.8400000000000001
0.0024856,-1.56,-0.8,-0.76
0.002486,-1.56,-0.84,-0.7200000000000001
0.0024864,-1.56,-0.88,-0.68
0.0024868,-1.56,-0.88,-0.68
0.0024872,-1.56,-0.84,-0.7200000000000001
0.0024876,-1.56,-0.88,-0.68
0.002488,-1.56,-0.92,-0.64
0.0024884,-1.56,-0.92,-0.64
0.0024888,-1.52,-0.92,-0.6
0.0024892,-1.52,-0.92,-0.6
0.0024896,-1.56,-0.96,-0.6000000000000001
0.00249,-1.52,-0.92,-0.6
0.0024904000000000003,-1.48,-0.96,-0.52
0.0024908,-1.52,-0.96,-0.56
0.0024912,-1.48,-1.0,-0.48
0.0024916,-1.44,-0.96,-0.48
0.0024920000000000003,-1.48,-0.96,-0.52
0.0024924,-1.52,-1.0,-0.52
0.0024928,-1.48,-1.0,-0.48
0.0024932,-1.44,-1.0,-0.43999999999999995
0.0024936,-1.44,-1.04,-0.3999999999999999
0.002494,-1.4000000000000001,-1.04,-0.3600000000000001
0.0024944,-1.4000000000000001,-1.04,-0.3600000000000001
0.0024948,-1.4000000000000001,-1.0,-0.40000000000000013
0.0024952,-1.36,-1.04,-0.32000000000000006
0.0024956,-1.36,-1.04,-0.32000000000000006
0.002496,-1.36,-1.12,-0.24
0.0024964,-1.32,-1.08,-0.24
0.0024968,-1.32,-1.08,-0.24
0.0024971999999999998,-1.32,-1.08,-0.24
0.0024976,-1.32,-1.12,-0.19999999999999996
0.0024980000000000002,-1.28,-1.12,-0.15999999999999992
0.0024984,-1.28,-1.08,-0.19999999999999996
0.0024988,-1.24,-1.08,-0.15999999999999992
0.0024992,-1.24,-1.12,-0.11999999999999988
0.0024996000000000003,-1.24,-1.12,-0.11999999999999988
0.0025,-1.24,-1.16,-0.08000000000000007
0.0025004,-1.16,-1.12,-0.039999999999999813
0.0025008,-1.2,-1.16,-0.040000000000000036
0.0025012000000000003,-1.12,-1.12,0.0
0.0025016,-1.08,-1.08,0.0
0.002502,-1.08,-1.08,0.0
0.0025024,-1.08,-1.12,0.040000000000000036
0.0025028,-1.08,-1.12,0.040000000000000036
0.0025032,-1.0,-1.12,0.1200000000000001
0.0025036,-0.96,-1.08,0.1200000000000001
0.002504,-1.04,-1.12,0.08000000000000007
0.0025044,-1.0,-1.16,0.15999999999999992
0.0025048,-0.96,-1.12,0.16000000000000014
0.0025052,-0.92,-1.08,0.16000000000000003
0.0025056,-0.92,-1.08,0.16000000000000003
0.002506,-0.84,-1.08,0.2400000000000001
0.0025063999999999998,-0.84,-1.04,0.20000000000000007
0.0025068,-0.8,-1.04,0.24
0.0025072000000000002,-0.76,-1.04,0.28
0.0025076,-0.8,-1.04,0.24
0.002508,-0.76,-1.04,0.28
0.0025084,-0.72,-1.04,0.32000000000000006
0.0025088000000000003,-0.72,-1.08,0.3600000000000001
0.0025092,-0.72,-1.0,0.28
0.0025096,-0.64,-1.0,0.36
0.00251,-0.64,-1.0,0.36
0.0025104,-0.6,-1.0,0.4
0.0025108,-0.6,-1.0,0.4
0.0025112,-0.56,-1.0,0.43999999999999995
0.0025116,-0.52,-1.0,0.48
0.002512,-0.52,-1.0,0.48
0.0025124,-0.48,-0.96,0.48
0.0025128,-0.44,-0.96,0.52
0.0025132,-0.44,-0.96,0.52
0.0025136,-0.4,-0.96,0.5599999999999999
0.002514,-0.36,-0.96,0.6
0.0025144,-0.36,-0.92,0.56
0.0025148,-0.32,-0.96,0.6399999999999999
0.0025152,-0.28,-0.92,0.64
0.0025155999999999998,-0.24,-0.88,0.64
0.002516,-0.28,-0.88,0.6
0.0025164000000000002,-0.24,-0.88,0.64
0.0025168,-0.16,-0.88,0.72
0.0025172,-0.12,-0.8,0.68
0.0025176,-0.16,-0.84,0.6799999999999999
0.0025180000000000003,-0.12,-0.84,0.72
0.0025184,-0.04,-0.8,0.76
0.0025188,-0.04,-0.8,0.76
0.0025192,0.0,-0.76,0.76
0.0025196,0.0,-0.8,0.8
0.00252,0.08,-0.72,0.7999999999999999
0.0025204,0.08,-0.76,0.84
0.0025208,0.12,-0.76,0.88
0.0025212,0.2,-0.68,0.8800000000000001
0.0025216,0.16,-0.72,0.88
0.002522,0.16,-0.64,0.8
0.0025224,0.2,-0.64,0.8400000000000001
0.0025228,0.24,-0.6,0.84
0.0025232,0.28,-0.64,0.92
0.0025236,0.32,-0.56,0.8800000000000001
0.002524,0.28,-0.6,0.88
0.0025244,0.36,-0.6,0.96
0.0025248,0.4,-0.56,0.9600000000000001
0.0025252,0.44,-0.52,0.96
0.0025256000000000002,0.44,-0.56,1.0
0.002526,0.48,-0.52,1.0
0.0025264,0.52,-0.48,1.0
0.0025268,0.52,-0.44,0.96
0.0025272000000000003,0.52,-0.48,1.0
0.0025276,0.56,-0.44,1.0
0.002528,0.6,-0.44,1.04
0.0025284,0.64,-0.4,1.04
0.0025288,0.64,-0.4,1.04
0.0025292,0.68,-0.36,1.04
0.0025296,0.72,-0.32,1.04
0.00253,0.72,-0.28,1.0
0.0025304,0.72,-0.32,1.04
0.0025308,0.8,-0.32,1.12
0.0025312,0.8,-0.28,1.08
0.0025316,0.88,-0.24,1.12
0.002532,0.8,-0.2,1.0
0.0025324,0.92,-0.24,1.1600000000000001
0.0025328,0.92,-0.16,1.08
0.0025332,0.96,-0.2,1.16
0.0025336,1.0,-0.16,1.16
0.002534,0.96,-0.12,1.08
0.0025344,1.0,-0.12,1.12
0.0025348000000000002,1.0,-0.12,1.12
0.0025352,1.04,-0.12,1.1600000000000001
0.0025356,1.04,-0.12,1.1600000000000001
0.002536,1.08,-0.04,1.12
0.0025364000000000003,1.12,-0.04,1.1600000000000001
0.0025368,1.08,0.0,1.08
0.0025372,1.08,0.0,1.08
0.0025376,1.16,0.04,1.1199999999999999
0.002538,1.16,0.04,1.1199999999999999
0.0025384,1.24,0.08,1.16
0.0025388,1.16,0.08,1.0799999999999998
0.0025392,1.28,0.12,1.1600000000000001
0.0025396,1.2,0.08,1.1199999999999999
0.00254,1.28,0.2,1.08
0.0025404,1.24,0.2,1.04
0.0025408,1.32,0.2,1.12
0.0025412,1.32,0.24,1.08
0.0025415999999999998,1.4000000000000001,0.2,1.2000000000000002
0.002542,1.32,0.24,1.08
0.0025424,1.32,0.24,1.08
0.0025428,1.4000000000000001,0.24,1.1600000000000001
0.0025432,1.4000000000000001,0.32,1.08
0.0025436,1.36,0.28,1.08
0.0025440000000000003,1.36,0.28,1.08
0.0025444,1.48,0.36,1.12
0.0025448,1.4000000000000001,0.4,1.0
0.0025452,1.4000000000000001,0.44,0.9600000000000002
0.0025456000000000003,1.44,0.4,1.04
0.002546,1.48,0.4,1.08
0.0025464,1.48,0.48,1.0
0.0025468,1.52,0.48,1.04
0.0025472,1.44,0.48,0.96
0.0025476,1.52,0.48,1.04
0.002548,1.48,0.48,1.0
0.0025484,1.52,0.52,1.0
0.0025488,1.48,0.52,0.96
0.0025492,1.56,0.56,1.0
0.0025496,1.52,0.56,0.96
0.00255,1.56,0.6,0.9600000000000001
0.0025504,1.52,0.64,0.88
0.0025507999999999998,1.6,0.64,0.9600000000000001
0.0025512,1.56,0.64,0.92
0.0025516000000000002,1.6,0.68,0.92
0.002552,1.52,0.68,0.84
0.0025524,1.56,0.72,0.8400000000000001
0.0025528,1.56,0.72,0.8400000000000001
0.0025532000000000003,1.6,0.68,0.92
0.0025536,1.52,0.72,0.8
0.002554,1.56,0.76,0.8
0.0025544,1.56,0.76,0.8
0.0025548000000000003,1.56,0.76,0.8
0.0025552,1.56,0.8,0.76
0.0025556,1.48,0.76,0.72
0.002556,1.56,0.8,0.76
0.0025564,1.56,0.8,0.76
0.0025568,1.52,0.88,0.64
0.0025572,1.52,0.84,0.68
0.0025576,1.52,0.88,0.64
0.002558,1.52,0.92,0.6
0.0025584,1.52,0.84,0.68
0.0025588,1.52,0.88,0.64
0.0025592,1.52,0.88,0.64
0.0025596,1.52,0.92,0.6
0.0025599999999999998,1.48,0.88,0.6
0.0025604,1.52,0.96,0.56
0.0025608000000000002,1.52,0.96,0.56
0.0025612,1.52,0.96,0.56
0.0025616,1.44,0.92,0.5199999999999999
0.002562,1.44,1.0,0.43999999999999995
0.0025624000000000003,1.48,1.0,0.48
0.0025628,1.4000000000000001,0.96,0.44000000000000017
0.0025632,1.44,1.0,0.43999999999999995
0.0025636,1.44,1.0,0.43999999999999995
0.002564,1.4000000000000001,1.0,0.40000000000000013
0.0025644,1.4000000000000001,0.96,0.44000000000000017
0.0025648,1.4000000000000001,1.0,0.40000000000000013
0.0025652,1.36,1.04,0.32000000000000006
0.0025656,1.32,1.04,0.28
0.002566,1.36,1.04,0.32000000000000006
0.0025664,1.28,1.08,0.19999999999999996
0.0025668,1.32,1.04,0.28
0.0025672,1.32,1.08,0.24
0.0025676,1.28,1.04,0.24
0.002568,1.32,1.04,0.28
0.0025684,1.16,1.08,0.07999999999999985
0.0025688,1.24,1.04,0.19999999999999996
0.0025691999999999998,1.2,1.12,0.07999999999999985
0.0025696,1.2,1.12,0.07999999999999985
0.0025700000000000002,1.16,1.0,0.15999999999999992
0.0025704,1.16,1.04,0.11999999999999988
0.0025708,1.16,1.12,0.039999999999999813
0.0025712,1.12,1.12,0.0
0.0025716000000000003,1.08,1.08,0.0
0.002572,1.08,1.08,0.0
0.0025724,1.0,1.08,-0.08000000000000007
0.0025728,1.04,1.0,0.040000000000000036
0.0025732,1.04,1.08,-0.040000000000000036
0.0025736,1.0,1.0,0.0
0.002574,0.96,1.08,-0.1200000000000001
0.0025744,0.96,1.04,-0.08000000000000007
0.0025748,0.96,1.08,-0.1200000000000001
0.0025752,0.88,1.04,-0.16000000000000003
0.0025756,0.88,1.04,-0.16000000000000003
0.002576,0.88,1.08,-0.20000000000000007
0.0025764,0.84,1.08,-0.2400000000000001
0.0025768,0.84,1.04,-0.20000000000000007
0.0025772,0.8,1.04,-0.24
0.0025776,0.76,1.04,-0.28
0.002578,0.72,1.04,-0.32000000000000006
0.0025784,0.68,1.0,-0.31999999999999995
0.0025788,0.68,1.04,-0.36
0.0025792000000000002,0.6,0.96,-0.36
0.0025796,0.68,1.04,-0.36
0.00258,0.56,1.0,-0.43999999999999995
0.0025804,0.6,1.0,-0.4
0.0025808000000000003,0.6,1.0,-0.4
0.0025812,0.52,1.0,-0.48
0.0025816,0.48,0.96,-0.48
0.002582,0.4,0.96,-0.5599999999999999
0.0025824,0.44,0.92,-0.48000000000000004
0.0025828,0.4,0.92,-0.52
0.0025832,0.36,0.92,-0.56
0.0025836,0.36,0.92,-0.56
0.002584,0.36,0.88,-0.52
0.0025844,0.28,0.92,-0.64
0.0025848,0.24,0.92,-0.68
0.0025852,0.24,0.88,-0.64
0.0025856,0.2,0.84,-0.6399999999999999
0.002586,0.2,0.84,-0.6399999999999999
0.0025864,0.16,0.84,-0.6799999999999999
0.0025868,0.12,0.88,-0.76
0.0025872,0.12,0.84,-0.72
0.0025876,0.04,0.76,-0.72
0.002588,0.04,0.8,-0.76
0.0025884000000000002,0.0,0.84,-0.84
0.0025888,0.0,0.76,-0.76
0.0025892,0.0,0.76,-0.76
0.0025896,-0.08,0.72,-0.7999999999999999
0.0025900000000000003,-0.12,0.72,-0.84
0.0025904,-0.12,0.72,-0.84
0.0025908,-0.12,0.72,-0.84
0.0025912,-0.16,0.68,-0.8400000000000001
0.0025916,-0.28,0.68,-0.9600000000000001
0.002592,-0.24,0.64,-0.88
0.0025924,-0.28,0.6,-0.88
0.0025928,-0.32,0.6,-0.9199999999999999
0.0025932,-0.32,0.64,-0.96
0.0025936,-0.32,0.64,-0.96
0.002594,-0.36,0.52,-0.88
0.0025944,-0.4,0.56,-0.9600000000000001
0.0025948,-0.4,0.56,-0.9600000000000001
0.0025951999999999998,-0.48,0.52,-1.0
0.0025956,-0.44,0.52,-0.96
0.0025960000000000002,-0.48,0.52,-1.0
0.0025964,-0.56,0.48,-1.04
0.0025968,-0.56,0.44,-1.0
0.0025972,-0.56,0.44,-1.0
0.0025976000000000003,-0.6,0.4,-1.0
0.002598,-0.68,0.4,-1.08
0.0025984,-0.68,0.4,-1.08
0.0025988,-0.72,0.32,-1.04
0.0025992000000000003,-0.68,0.4,-1.08
0.0025996,-0.76,0.32,-1.08
0.0026,-0.76,0.28,-1.04
0.0026004,-0.8,0.28,-1.08
0.0026008,-0.8,0.28,-1.08
0.0026012,-0.88,0.24,-1.12
0.0026016,-0.88,0.24,-1.12
0.002602,-0.88,0.2,-1.08
0.0026024,-0.88,0.2,-1.08
0.0026028,-0.96,0.2,-1.16
0.0026032,-0.96,0.2,-1.16
0.0026036,-1.0,0.16,-1.16
0.002604,-1.0,0.08,-1.08
0.0026043999999999998,-1.0,0.12,-1.12
0.0026048,-1.04,0.08,-1.12
0.0026052000000000002,-1.04,0.04,-1.08
0.0026056,-1.08,0.04,-1.12
0.002606,-1.16,0.04,-1.2
0.0026064,-1.08,0.0,-1.08
0.0026068000000000003,-1.12,0.0,-1.12
0.0026072,-1.12,-0.04,-1.08
0.0026076,-1.24,-0.04,-1.2
0.002608,-1.24,-0.08,-1.16
0.0026084,-1.2,-0.08,-1.1199999999999999
0.0026088,-1.24,-0.08,-1.16
0.0026092,-1.24,-0.08,-1.16
0.0026096,-1.24,-0.16,-1.08
0.00261,-1.32,-0.16,-1.1600000000000001
0.0026104,-1.28,-0.16,-1.12
0.0026108,-1.32,-0.2,-1.12
0.0026112,-1.32,-0.2,-1.12
0.0026116,-1.36,-0.28,-1.08
0.002612,-1.4000000000000001,-0.24,-1.1600000000000001
0.0026124,-1.36,-0.28,-1.08
0.0026128,-1.36,-0.28,-1.08
0.0026132,-1.4000000000000001,-0.32,-1.08
0.0026135999999999998,-1.44,-0.36,-1.08
0.002614,-1.44,-0.32,-1.1199999999999999
0.0026144000000000002,-1.4000000000000001,-0.4,-1.0
0.0026148,-1.48,-0.44,-1.04
0.0026152,-1.44,-0.4,-1.04
0.0026156,-1.48,-0.4,-1.08
0.0026160000000000003,-1.52,-0.44,-1.08
0.0026164,-1.48,-0.44,-1.04
0.0026168,-1.52,-0.48,-1.04
0.0026172,-1.52,-0.52,-1.0
0.0026176,-1.56,-0.52,-1.04
0.002618,-1.52,-0.6,-0.92
0.0026184,-1.56,-0.52,-1.04
0.0026188,-1.56,-0.6,-0.9600000000000001
0.0026192,-1.6,-0.6,-1.0
0.0026196,-1.56,-0.56,-1.0
0.00262,-1.52,-0.6,-0.92
0.0026204,-1.56,-0.64,-0.92
0.0026208,-1.56,-0.72,-0.8400000000000001
0.0026212,-1.6,-0.72,-0.8800000000000001
0.0026216,-1.56,-0.68,-0.88
0.002622,-1.56,-0.68,-0.88
0.0026224,-1.56,-0.72,-0.8400000000000001
0.0026228,-1.6,-0.76,-0.8400000000000001
0.0026232,-1.56,-0.8,-0.76
0.0026236000000000002,-1.6,-0.8,-0.8
0.002624,-1.56,-0.76,-0.8
0.0026244,-1.6400000000000001,-0.76,-0.8800000000000001
0.0026248,-1.52,-0.76,-0.76
0.0026252000000000003,-1.56,-0.84,-0.7200000000000001
0.0026256,-1.52,-0.8,-0.72
0.002626,-1.52,-0.84,-0.68
0.0026264,-1.56,-0.8,-0.76
0.0026268,-1.56,-0.88,-0.68
0.0026272,-1.6,-0.88,-0.7200000000000001
0.0026276,-1.6,-0.88,-0.7200000000000001
0.002628,-1.56,-0.88,-0.68
0.0026284,-1.48,-0.96,-0.52
0.0026288,-1.52,-0.88,-0.64
0.0026292,-1.56,-0.96,-0.6000000000000001
0.0026296,-1.52,-0.96,-0.56
0.00263,-1.48,-0.92,-0.5599999999999999
0.0026304,-1.56,-1.0,-0.56
0.0026308,-1.52,-1.0,-0.52
0.0026312,-1.52,-1.0,-0.52
0.0026316,-1.48,-1.0,-0.48
0.002632,-1.48,-1.0,-0.48
0.0026324,-1.48,-1.04,-0.43999999999999995
0.0026328000000000002,-1.48,-0.96,-0.52
0.0026332,-1.44,-1.0,-0.43999999999999995
0.0026336,-1.4000000000000001,-1.04,-0.3600000000000001
0.002634,-1.44,-1.04,-0.3999999999999999
0.0026344000000000003,-1.36,-1.04,-0.32000000000000006
0.0026348,-1.44,-1.08,-0.3599999999999999
0.0026352,-1.36,-1.04,-0.32000000000000006
0.0026356,-1.36,-1.04,-0.32000000000000006
0.002636,-1.36,-1.0,-0.3600000000000001
0.0026364,-1.36,-1.08,-0.28
0.0026368,-1.32,-1.08,-0.24
0.0026372,-1.36,-1.12,-0.24
0.0026376,-1.36,-1.08,-0.28
0.002638,-1.28,-1.08,-0.19999999999999996
0.0026384,-1.24,-1.12,-0.11999999999999988
0.0026388,-1.24,-1.08,-0.15999999999999992
0.0026392,-1.2,-1.08,-0.11999999999999988
0.0026395999999999998,-1.24,-1.08,-0.15999999999999992
0.00264,-1.2,-1.08,-0.11999999999999988
0.0026404,-1.16,-1.12,-0.039999999999999813
0.0026408,-1.12,-1.12,0.0
0.0026412,-1.16,-1.08,-0.07999999999999985
0.0026416,-1.16,-1.12,-0.039999999999999813
0.0026420000000000003,-1.12,-1.12,0.0
0.0026424,-1.08,-1.08,0.0
0.0026428,-1.08,-1.08,0.0
0.0026432,-1.08,-1.04,-0.040000000000000036
0.0026436000000000003,-1.04,-1.08,0.040000000000000036
0.002644,-1.0,-1.08,0.08000000000000007
0.0026444,-0.96,-1.08,0.1200000000000001
0.0026448,-0.96,-1.12,0.16000000000000014
0.0026452,-0.88,-1.04,0.16000000000000003
0.0026456,-0.92,-1.04,0.12
0.002646,-0.88,-1.12,0.2400000000000001
0.0026464,-0.84,-1.12,0.28000000000000014
0.0026468,-0.8,-1.08,0.28
0.0026472,-0.8,-1.12,0.32000000000000006
0.0026476,-0.8,-1.08,0.28
0.002648,-0.76,-1.08,0.32000000000000006
0.0026484,-0.76,-1.04,0.28
0.0026487999999999998,-0.72,-1.04,0.32000000000000006
0.0026492,-0.68,-1.04,0.36
0.0026496000000000002,-0.68,-1.0,0.31999999999999995
0.00265,-0.64,-0.96,0.31999999999999995
0.0026504,-0.6,-1.04,0.44000000000000006
0.0026508,-0.56,-1.0,0.43999999999999995
0.0026512000000000003,-0.56,-1.0,0.43999999999999995
0.0026516,-0.52,-1.0,0.48
0.002652,-0.48,-1.0,0.52
0.0026524,-0.52,-1.0,0.48
0.0026528000000000003,-0.48,-1.0,0.52
0.0026532,-0.4,-0.96,0.5599999999999999
0.0026536,-0.44,-0.96,0.52
0.002654,-0.36,-0.96,0.6
0.0026544,-0.36,-0.96,0.6
0.0026548,-0.28,-0.88,0.6
0.0026552,-0.32,-0.88,0.56
0.0026556,-0.24,-0.88,0.64
0.002656,-0.2,-0.88,0.6799999999999999
0.0026564,-0.2,-0.88,0.6799999999999999
0.0026568,-0.2,-0.84,0.6399999999999999
0.0026572,-0.16,-0.84,0.6799999999999999
0.0026576,-0.08,-0.84,0.76
0.0026579999999999998,-0.04,-0.84,0.7999999999999999
0.0026584,-0.04,-0.84,0.7999999999999999
0.0026588000000000002,-0.04,-0.76,0.72
0.0026592,0.0,-0.76,0.76
0.0026596,0.08,-0.76,0.84
0.00266,0.04,-0.76,0.8
0.0026604000000000003,0.08,-0.76,0.84
0.0026608,0.12,-0.72,0.84
0.0026612,0.12,-0.72,0.84
0.0026616,0.16,-0.72,0.88
0.0026620000000000003,0.2,-0.68,0.8800000000000001
0.0026624,0.2,-0.64,0.8400000000000001
0.0026628,0.28,-0.68,0.9600000000000001
0.0026632,0.28,-0.64,0.92
0.0026636000000000003,0.28,-0.6,0.88
0.0026639999999999997,0.32,-0.6,0.9199999999999999
0.0026644,0.4,-0.6,1.0
0.0026648,0.4,-0.56,0.9600000000000001
0.0026652,0.44,-0.56,1.0
0.0026655999999999997,0.44,-0.52,0.96
0.002666,0.44,-0.48,0.9199999999999999
0.0026664,0.48,-0.48,0.96
0.0026668,0.52,-0.48,1.0
0.0026671999999999998,0.52,-0.44,0.96
0.0026676,0.56,-0.44,1.0
0.0026680000000000002,0.6,-0.44,1.04
0.0026684,0.64,-0.4,1.04
0.0026688,0.68,-0.36,1.04
0.0026692,0.64,-0.4,1.04
0.0026696000000000003,0.68,-0.36,1.04
0.00267,0.76,-0.36,1.12
0.0026704,0.72,-0.32,1.04
0.0026708,0.68,-0.32,1.0
0.0026712000000000003,0.76,-0.32,1.08
0.0026716,0.8,-0.28,1.08
0.002672,0.8,-0.24,1.04
0.0026724,0.88,-0.2,1.08
0.0026728000000000003,0.92,-0.2,1.12
0.0026731999999999997,0.92,-0.24,1.1600000000000001
0.0026736,0.92,-0.16,1.08
0.002674,0.96,-0.16,1.1199999999999999
0.0026744,0.96,-0.12,1.08
0.0026747999999999997,1.04,-0.12,1.1600000000000001
0.0026752,1.04,-0.08,1.12
0.0026756,1.04,-0.04,1.08
0.002676,1.04,-0.08,1.12
0.0026764,1.04,-0.04,1.08
0.0026768,1.08,0.0,1.08
0.0026772000000000002,1.12,0.0,1.12
0.0026776,1.12,0.0,1.12
0.002678,1.16,0.04,1.1199999999999999
0.0026784,1.24,0.08,1.16
0.0026788000000000003,1.2,0.08,1.1199999999999999
0.0026792,1.24,0.16,1.08
0.0026796,1.28,0.12,1.1600000000000001
