Arquivo contendo os pontos amostrais do interferÔmetro de Michelson,,,
Data:,,8\10\2019,
Hora:,,8:53:34,
Quantidade de franjas:,,0,
ponto,tempo,leitura,marcação
0,0,73,0
1,99,73,0
2,126,74,0
3,159,54,0
4,219,54,0
5,258,54,0
6,317,54,0
7,344,21,0
8,382,21,0
9,446,39,0
10,513,39,0
11,532,39,0
12,560,71,0
13,613,71,0
14,643,74,0
15,742,74,0
16,760,74,0
17,798,51,0
18,900,51,0
19,950,20,0
20,969,20,0
21,1001,20,0
22,1067,46,0
23,1117,46,0
24,1161,73,0
25,1198,73,0
26,1239,73,0
27,1318,73,0
28,1376,73,0
29,1404,47,0
30,1440,47,0
31,1505,47,0
32,1572,19,0
33,1596,19,0
34,1631,46,0
35,1652,46,0
36,1716,46,0
37,1765,46,0
38,1820,73,0
39,1850,73,0
40,1901,73,0
41,2004,73,0
42,2030,46,0
43,2058,46,0
44,2096,19,0
45,2256,19,0
46,2279,52,0
47,2314,52,0
48,2344,76,0
49,2464,76,0
50,2498,70,0
51,2528,70,0
52,2597,39,0
53,2676,39,0
54,2723,39,0
55,2771,23,0
56,2892,57,0
57,2944,57,0
58,2966,75,0
59,3098,75,75
60,3127,69,0
61,3158,69,0
62,3213,39,0
63,3279,39,0
64,3317,39,0
65,3346,19,0
66,3376,19,0
67,3433,19,0
68,3501,51,0
69,3532,51,0
70,3558,74,0
71,3602,74,0
72,3660,74,0
73,3690,73,0
74,3753,73,0
75,3781,73,0
76,3811,45,0
77,3887,45,0
78,3909,45,0
79,3959,19,0
80,3993,19,0
81,4038,19,0
82,4097,53,0
83,4167,53,0
84,4198,75,0
85,4286,75,0
86,4314,71,0
87,4381,71,0
88,4402,41,0
89,4438,41,0
90,4487,41,0
91,4587,20,0
92,4631,20,0
93,4661,57,0
94,4723,57,0
95,4761,57,0
96,4792,76,0
97,4816,76,0
98,4839,76,0
99,4906,66,0
100,4998,66,0
101,5034,29,0
102,5055,29,0
103,5094,29,0
104,5148,30,0
105,5210,30,0
106,5247,66,0
107,5278,66,0
108,5347,66,0
109,5418,77,0
110,5460,77,0
111,5535,62,0
112,5630,62,0
113,5653,27,0
114,5684,27,0
115,5729,30,0
116,5830,30,0
117,5865,70,0
118,5896,70,0
119,5952,70,0
120,6006,75,0
121,6051,75,0
122,6083,47,0
123,6118,47,0
124,6174,47,0
125,6261,18,18
126,6283,18,0
127,6317,48,0
128,6364,48,0
129,6416,48,0
130,6477,74,0
131,6498,74,0
132,6527,74,0
133,6600,75,0
134,6690,75,0
135,6706,58,0
136,6751,58,0
137,6794,58,0
138,6870,27,0
139,6932,27,0
140,6967,21,0
141,7001,21,0
142,7057,53,0
143,7148,53,0
144,7182,74,0
145,7206,74,0
146,7271,74,0
147,7342,75,0
148,7366,75,0
149,7397,48,0
150,7466,48,0
151,7562,48,0
152,7583,17,0
153,7613,17,0
154,7644,43,0
155,7771,43,0
156,7800,74,0
157,7837,74,0
158,7909,69,0
159,7989,69,0
160,8016,31,0
161,8102,31,0
162,8190,31,0
163,8211,22,0
164,8248,58,0
165,8312,58,0
166,8401,58,0
167,8438,76,0
168,8494,71,0
169,8593,71,0
170,8620,36,0
171,8643,36,0
172,8683,36,0
173,8742,27,0
174,8817,27,0
175,8860,68,0
176,8892,68,0
177,8935,68,0
178,8975,76,0
179,9053,76,0
180,9081,60,0
181,9123,60,0
182,9175,60,0
183,9240,23,0
184,9276,23,0
185,9297,23,0
186,9356,32,0
187,9446,32,0
188,9496,67,0
189,9545,67,0
190,9599,77,0
191,9654,77,0
192,9677,61,0
193,9717,61,0
194,9785,61,0
195,9839,24,0
196,9869,24,0
197,9893,24,0
198,9923,25,0
199,10004,25,0
200,10072,25,0
201,10107,63,0
202,10138,63,0
203,10230,77,77
204,10288,77,0
205,10318,67,0
206,10380,67,0
207,10442,30,0
208,10502,30,0
209,10521,22,0
210,10557,22,0
211,10605,22,0
212,10664,64,0
213,10712,64,0
214,10733,64,0
215,10764,76,0
216,10802,76,0
217,10845,76,0
218,10880,57,0
219,10929,57,0
220,10962,57,0
221,10999,19,0
222,11065,19,0
223,11108,19,0
224,11140,25,0
225,11173,25,0
226,11202,25,0
227,11274,61,0
228,11343,61,0
229,11368,77,0
230,11398,77,0
231,11475,77,0
232,11551,64,0
233,11586,64,0
234,11607,22,0
235,11675,22,0
236,11712,22,0
237,11762,39,0
238,11800,39,0
239,11849,72,0
240,11969,72,0
241,12011,75,0
242,12096,75,0
243,12145,47,0
244,12179,47,0
245,12203,16,0
246,12239,16,0
247,12305,16,0
248,12383,45,0
249,12418,45,0
250,12448,73,0
251,12488,73,0
252,12525,73,0
253,12562,75,0
254,12598,75,0
255,12638,75,0
256,12715,51,0
257,12805,51,0
258,12838,17,0
259,12941,17,0
260,13007,38,0
261,13045,38,0
262,13078,71,0
263,13123,71,0
264,13204,76,0
265,13236,76,0
266,13259,76,0
267,13289,53,0
268,13357,53,0
269,13393,53,0
270,13440,17,0
271,13491,17,0
272,13531,34,0
273,13657,34,0
274,13677,68,0
275,13718,68,0
276,13780,76,0
277,13883,76,0
278,13921,62,62
279,13992,62,0
280,14077,23,0
281,14100,23,0
282,14145,32,0
283,14188,32,0
284,14269,32,0
285,14293,71,0
286,14323,71,0
287,14359,73,0
288,14419,73,0
289,14480,73,0
290,14508,28,0
291,14541,28,0
292,14572,28,0
293,14608,29,0
294,14712,29,0
295,14736,68,0
296,14762,68,0
297,14871,68,0
298,14935,77,0
299,14965,70,0
300,14998,70,0
301,15079,70,0
302,15128,33,0
303,15169,33,0
304,15198,14,0
305,15240,14,0
306,15313,14,0
307,15376,53,0
308,15414,53,0
309,15442,77,0
310,15511,77,0
311,15590,77,0
312,15607,68,0
313,15639,68,0
314,15679,32,0
315,15812,32,0
316,15855,20,0
317,15916,20,0
318,15962,65,0
319,16020,65,0
320,16043,76,0
321,16078,76,0
322,16124,76,0
323,16171,61,0
324,16228,61,0
325,16267,61,0
326,16288,28,0
327,16349,28,0
328,16401,28,0
329,16441,21,0
330,16479,21,0
331,16555,63,0
332,16632,63,0
333,16669,77,0
334,16690,77,0
335,16725,77,0
336,16780,69,0
337,16852,69,0
338,16884,69,0
339,16918,41,0
340,16964,41,0
341,17017,14,0
342,17074,14,0
343,17108,14,0
344,17139,40,0
345,17204,40,0
346,17274,40,0
347,17315,72,0
348,17362,72,0
349,17457,76,76
350,17489,76,0
351,17519,51,0
352,17572,51,0
353,17682,16,0
354,17733,16,0
355,17763,50,0
356,17811,50,0
357,17861,75,0
358,17940,75,0
359,17969,75,0
360,18045,75,0
361,18086,75,0
362,18126,44,0
363,18168,44,0
364,18203,14,0
365,18329,14,0
366,18357,45,0
367,18400,45,0
368,18462,75,0
369,18544,75,0
370,18562,72,0
371,18598,72,0
372,18684,72,0
373,18745,33,0
374,18780,33,0
375,18830,26,0
376,18916,26,0
377,18956,62,0
378,18981,62,0
379,19011,62,0
380,19051,77,0
381,19141,77,0
382,19192,72,0
383,19230,72,0
384,19251,72,0
385,19306,33,0
386,19368,33,0
387,19411,20,0
388,19441,20,0
389,19481,20,0
390,19550,58,0
391,19615,58,0
392,19660,77,0
393,19693,77,0
394,19766,77,0
395,19820,69,0
396,19849,69,0
397,19879,31,0
398,19933,31,0
399,19974,31,0
400,20032,13,0
401,20072,13,0
402,20105,13,0
403,20171,46,0
404,20242,46,0
405,20288,73,0
406,20319,73,0
407,20413,77,0
408,20450,77,0
409,20478,63,0
410,20520,63,0
411,20593,63,0
412,20656,30,0
413,20684,30,0
414,20732,22,0
415,20855,22,0
416,20878,67,0
417,20918,67,0
418,20965,77,0
419,21072,77,0
420,21095,59,0
421,21125,59,0
422,21163,59,0
423,21204,18,0
424,21276,18,0
425,21308,18,0
426,21338,35,0
427,21401,35,0
428,21465,35,0
429,21500,72,0
430,21529,72,0
431,21558,76,0
432,21701,76,76
433,21726,51,0
434,21757,51,0
435,21801,15,0
436,21896,15,0
437,21918,46,0
438,21958,46,0
439,22022,46,0
440,22093,75,0
441,22160,75,0
442,22250,72,0
443,22348,72,0
444,22376,39,0
445,22436,14,0
446,22509,14,0
447,22556,52,0
448,22600,52,0
449,22669,76,0
450,22748,76,0
451,22782,72,0
452,22812,72,0
453,22878,72,0
454,22904,40,0
455,22955,40,0
456,23004,40,0
457,23085,15,0
458,23162,15,0
459,23199,51,0
460,23265,76,0
461,23356,76,0
462,23374,73,0
463,23398,73,0
464,23443,73,0
465,23507,41,0
466,23551,41,0
467,23587,41,0
468,23620,13,0
469,23652,13,0
470,23725,13,0
471,23761,47,0
472,23801,47,0
473,23838,75,0
474,23896,75,0
475,23944,75,0
476,23992,73,0
477,24024,73,0
478,24056,73,0
479,24110,42,0
480,24209,42,0
481,24245,14,0
482,24278,14,0
483,24378,42,0
484,24422,42,0
485,24471,71,0
486,24489,71,0
487,24578,71,0
488,24631,77,0
489,24652,77,0
490,24682,56,0
491,24721,56,0
492,24791,56,0
493,24823,15,0
494,24846,15,0
495,24879,15,0
496,24947,45,0
497,25035,45,0
498,25064,74,0
499,25095,74,0
500,25119,74,0
501,25199,72,0
502,25313,72,72
503,25343,36,0
504,25417,36,0
505,25473,17,0
506,25500,17,0
507,25529,58,0
508,25560,58,0
509,25607,58,0
510,25667,77,0
511,25719,77,0
512,25758,68,0
513,25835,68,0
514,25899,68,0
515,25937,33,0
516,25966,33,0
517,26040,19,0
518,26123,19,0
519,26158,61,0
520,26208,61,0
521,26266,78,0
522,26329,78,0
523,26362,78,0
524,26406,71,0
525,26541,71,0
526,26558,35,0
527,26598,15,0
528,26671,15,0
529,26745,15,0
530,26773,52,0
531,26804,52,0
532,26864,76,0
533,26935,76,0
534,26959,76,0
535,26998,72,0
536,27045,72,0
537,27087,40,0
538,27170,40,0
539,27198,14,0
540,27262,14,0
541,27304,14,0
542,27358,39,0
543,27394,39,0
544,27422,39,0
545,27463,73,0
546,27617,73,0
547,27646,74,0
548,27678,42,0
549,27753,42,0
550,27786,42,0
551,27829,16,0
552,27860,16,0
553,27904,16,0
554,27946,55,0
555,28052,55,0
556,28081,76,0
557,28119,76,0
558,28216,71,71
559,28263,71,0
560,28298,36,0
561,28328,36,0
562,28366,36,0
563,28415,16,0
564,28483,16,0
565,28518,53,0
566,28569,53,0
567,28622,53,0
568,28657,76,0
569,28698,76,0
570,28732,76,0
571,28793,69,0
572,28885,69,0
573,28920,28,0
574,28958,28,0
575,29033,27,0
576,29120,27,0
577,29157,64,0
578,29210,64,0
579,29266,78,0
580,29328,78,0
581,29363,67,0
582,29397,67,0
583,29469,67,0
584,29541,29,0
585,29561,29,0
586,29598,18,0
587,29679,18,0
588,29734,18,0
589,29768,54,0
590,29797,54,0
591,29870,76,0
592,29956,76,0
593,29991,76,0
594,30021,76,0
595,30102,76,0
596,30171,52,0
597,30206,52,0
598,30254,16,0
599,30332,16,0
600,30365,34,0
601,30420,34,0
602,30450,69,0
603,30535,69,0
604,30570,77,0
605,30613,77,0
606,30643,77,0
607,30678,57,0
608,30777,57,0
609,30813,19,0
610,30863,19,0
611,30891,19,0
612,30951,27,0
613,31020,27,0
614,31042,65,0
615,31086,65,0
616,31164,65,0
617,31226,77,0
618,31271,77,0
619,31301,66,0
620,31397,66,0
621,31432,25,0
622,31471,25,0
623,31521,25,0
624,31545,36,0
625,31658,36,0
626,31698,71,0
627,31728,71,0
628,31774,74,0
629,31877,74,0
630,31896,46,0
631,31918,46,0
632,31959,46,0
633,32020,15,0
634,32094,15,0
635,32119,47,0
636,32158,47,0
637,32229,47,0
638,32299,75,0
639,32326,75,0
640,32357,73,0
641,32436,73,0
642,32505,73,73
643,32521,43,0
644,32559,43,0
645,32627,16,0
646,32706,16,0
647,32727,53,0
648,32763,53,0
649,32810,53,0
650,32884,76,0
651,32933,76,0
652,32958,71,0
653,32998,71,0
654,33082,71,0
655,33139,37,0
656,33176,37,0
657,33212,16,0
658,33296,16,0
659,33351,48,0
660,33383,48,0
661,33429,48,0
662,33506,74,0
663,33561,74,0
664,33611,76,0
665,33649,76,0
666,33712,58,0
667,33767,58,0
668,33798,21,0
669,33840,21,0
670,33924,21,0
671,33971,23,0
672,34012,23,0
673,34041,62,0
674,34104,62,0
675,34174,62,0
676,34198,77,0
677,34237,77,0
678,34302,66,0
679,34388,66,0
680,34414,30,0
681,34447,30,0
682,34507,30,0
683,34553,29,0
684,34600,29,0
685,34638,70,0
686,34710,70,0
687,34754,70,0
688,34804,74,0
689,34822,74,0
690,34853,74,0
691,34898,40,0
692,34998,40,0
693,35015,16,0
694,35040,16,0
695,35079,16,0
696,35142,48,0
697,35222,48,0
698,35257,74,0
699,35286,74,0
700,35360,74,0
701,35416,74,0
702,35447,74,0
703,35478,44,0
704,35552,44,0
705,35613,44,0
706,35661,16,0
707,35690,16,0
708,35768,52,0
709,35853,52,0
710,35879,75,0
711,35919,75,0
712,35964,69,0
713,36052,69,0
714,36078,32,0
715,36118,32,0
716,36182,32,0
717,36251,22,0
718,36273,22,0
719,36291,22,0
720,36320,61,0
721,36431,61,61
722,36474,77,0
723,36508,77,0
724,36536,77,0
725,36599,69,0
726,36680,69,0
727,36701,40,0
728,36721,40,0
729,36763,40,0
730,36825,18,0
731,36899,18,0
732,36918,54,0
733,36957,54,0
734,37043,54,0
735,37103,76,0
736,37126,76,0
737,37158,70,0
738,37225,70,0
739,37267,70,0
740,37325,35,0
741,37358,35,0
742,37403,19,0
743,37543,19,0
744,37574,55,0
745,37599,55,0
746,37648,76,0
747,37770,76,0
748,37797,70,0
749,37837,70,0
750,37907,35,0
751,37976,35,0
752,38001,20,0
753,38042,20,0
754,38086,20,0
755,38124,60,0
756,38186,60,0
757,38219,60,0
758,38251,76,0
759,38322,76,0
760,38363,76,0
761,38416,61,0
762,38447,61,0
763,38493,23,0
764,38595,23,0
765,38630,33,0
766,38668,33,0
767,38721,33,0
768,38779,67,0
769,38818,67,0
770,38841,77,0
771,38900,77,0
772,38970,77,0
773,39024,62,0
774,39059,62,0
775,39121,25,0
776,39181,25,0
777,39234,26,0
778,39253,26,0
779,39290,26,0
780,39343,65,0
781,39412,65,0
782,39445,76,0
783,39478,76,0
784,39533,76,0
785,39575,58,0
786,39617,58,0
787,39655,58,0
788,39683,21,0
789,39718,21,0
790,39791,21,0
791,39876,34,0
792,39903,34,0
793,39951,68,68
794,40035,68,0
795,40071,77,0
796,40091,77,0
797,40121,77,0
798,40225,61,0
799,40319,61,0
800,40358,24,0
801,40404,25,0
802,40465,25,0
803,40517,25,0
804,40566,60,0
805,40599,60,0
806,40666,76,0
807,40744,76,0
808,40779,66,0
809,40809,66,0
810,40883,66,0
811,40959,30,0
812,40997,24,0
813,41065,24,0
814,41113,24,0
815,41135,64,0
816,41169,64,0
817,41198,64,0
818,41250,76,0
819,41360,76,0
820,41405,62,0
821,41438,62,0
822,41489,23,0
823,41577,23,0
824,41597,32,0
825,41638,32,0
826,41680,32,0
827,41725,66,0
828,41766,66,0
829,41805,66,0
830,41840,76,0
831,41879,76,0
832,41935,76,0
833,41981,62,0
834,42022,62,0
835,42055,62,0
836,42106,26,0
837,42189,26,0
838,42234,34,0
839,42253,34,0
840,42279,34,0
841,42356,74,0
842,42444,74,0
843,42478,70,0
844,42531,70,0
845,42585,41,0
846,42649,41,0
847,42683,17,0
848,42717,17,0
849,42775,17,0
850,42827,40,0
851,42873,40,0
852,42896,40,0
853,42933,71,0
854,43036,71,0
855,43091,76,0
856,43121,76,0
857,43182,63,0
858,43274,63,0
859,43308,29,0
860,43338,29,0
861,43374,29,0
862,43417,23,0
863,43483,23,0
864,43535,23,0
865,43562,63,0
866,43643,63,0
867,43683,76,0
868,43727,76,0
869,43758,63,0
870,43803,63,0
871,43917,63,0
872,43936,29,0
873,43967,29,0
874,43998,29,0
875,44143,29,29
876,44185,66,0
877,44218,66,0
878,44246,76,0
879,44337,76,0
880,44367,76,0
881,44398,63,0
882,44463,63,0
883,44545,24,0
884,44584,24,0
885,44619,34,0
886,44663,34,0
887,44736,34,0
888,44773,68,0
889,44804,68,0
890,44837,75,0
891,44900,75,0
892,44943,75,0
893,44998,52,0
894,45033,52,0
895,45060,52,0
896,45086,21,0
897,45166,21,0
898,45211,21,0
899,45245,48,0
900,45282,48,0
901,45339,74,0
902,45416,74,0
903,45460,72,0
904,45494,72,0
905,45544,72,0
906,45614,40,0
907,45642,40,0
908,45677,20,0
909,45723,20,0
910,45806,20,0
911,45832,51,0
912,45870,51,0
913,45895,51,0
914,45961,75,0
915,46051,75,0
916,46081,71,0
917,46164,71,0
918,46219,38,0
919,46247,38,0
920,46278,23,0
921,46351,23,0
922,46413,23,0
923,46456,58,0
924,46492,58,0
925,46534,76,0
926,46649,76,0
927,46685,72,0
928,46719,72,0
929,46785,45,0
930,46859,45,0
931,46893,17,0
932,46924,17,0
933,47021,17,0
934,47075,34,0
935,47117,34,0
936,47159,67,0
937,47261,67,0
938,47298,77,0
939,47328,77,0
940,47397,66,0
941,47457,66,0
942,47495,30,0
943,47519,30,0
944,47559,30,0
945,47633,27,0
946,47704,27,0
947,47738,61,0
948,47773,61,0
949,47813,61,0
950,47849,76,0
951,47908,76,0
952,47925,76,0
953,47958,60,0
954,48025,60,0
955,48116,60,0
956,48143,24,0
957,48171,24,0
958,48205,35,35
959,48334,35,0
960,48362,68,0
961,48399,68,0
962,48441,76,0
963,48539,76,0
964,48558,61,0
965,48598,61,0
966,48664,61,0
967,48733,24,0
968,48764,24,0
969,48806,32,0
970,48885,32,0
971,48947,32,0
972,48984,68,0
973,49014,68,0
974,49052,75,0
975,49169,75,0
976,49204,54,0
977,49245,54,0
978,49321,21,0
979,49378,21,0
980,49428,51,0
981,49465,51,0
982,49506,51,0
983,49573,75,0
984,49597,75,0
985,49614,75,0
986,49642,71,0
987,49747,71,0
988,49807,71,0
989,49838,43,0
990,49884,18,0
991,49986,18,0
992,50022,41,0
993,50044,41,0
994,50079,41,0
995,50138,71,0
996,50236,71,0
997,50272,75,0
998,50292,75,0
999,50353,75,0
1000,50400,55,0
1001,50439,55,0
1002,50480,20,0
1003,50536,20,0
1004,50597,20,0
1005,50640,38,0
1006,50678,38,0
1007,50697,38,0
1008,50769,70,0
1009,50861,70,0
1010,50890,75,0
1011,50922,75,0
1012,51006,58,0
1013,51055,58,0
1014,51078,24,0
1015,51118,24,0
1016,51190,24,0
1017,51266,32,0
1018,51302,32,0
1019,51321,67,0
1020,51418,67,0
1021,51473,75,0
1022,51491,75,0
1023,51543,75,0
1024,51682,54,0
1025,51718,20,0
1026,51798,20,20
1027,51861,42,0
1028,51912,42,0
1029,51947,73,0
1030,52027,73,0
1031,52102,73,0
1032,52137,71,0
1033,52167,37,0
1034,52271,37,0
1035,52302,24,0
1036,52324,24,0
1037,52363,24,0
1038,52402,58,0
1039,52512,58,0
1040,52539,76,0
1041,52570,76,0
1042,52611,76,0
1043,52684,66,0
1044,52736,66,0
1045,52759,26,0
1046,52798,26,0
1047,52872,26,0
1048,52945,33,0
1049,52982,33,0
1050,53017,67,0
1051,53055,67,0
1052,53104,67,0
1053,53145,74,0
1054,53190,74,0
1055,53225,74,0
1056,53265,58,0
1057,53384,58,0
1058,53413,26,0
1059,53443,26,0
1060,53532,20,0
1061,53607,20,0
1062,53638,50,0
1063,53721,50,0
1064,53781,75,0
1065,53818,75,0
1066,53848,71,0
1067,53888,71,0
1068,53932,71,0
1069,53970,41,0
1070,54008,41,0
1071,54048,41,0
1072,54079,20,0
1073,54211,20,0
1074,54229,53,0
1075,54258,53,0
1076,54302,53,0
1077,54336,75,0
1078,54379,75,0
1079,54421,75,0
1080,54441,69,0
1081,54485,69,0
1082,54540,69,0
1083,54603,34,0
1084,54642,34,0
1085,54678,21,0
1086,54752,21,0
1087,54809,21,0
1088,54849,57,0
1089,54889,57,0
1090,54924,76,0
1091,55045,76,0
1092,55069,71,0
1093,55097,71,0
1094,55166,71,0
1095,55217,42,0
1096,55258,42,0
1097,55285,22,0
1098,55318,22,0
1099,55362,22,0
1100,55408,57,0
1101,55462,57,0
1102,55500,57,0
1103,55540,75,0
1104,55658,75,0
1105,55690,68,68
1106,55734,68,0
1107,55796,34,0
1108,55913,34,0
1109,55950,25,0
1110,55987,25,0
1111,56053,63,0
1112,56110,63,0
1113,56132,76,0
1114,56164,76,0
1115,56244,76,0
1116,56312,63,0
1117,56358,63,0
1118,56408,30,0
1119,56483,30,0
1120,56532,23,0
1121,56568,23,0
1122,56599,57,0
1123,56650,57,0
1124,56698,57,0
1125,56745,75,0
1126,56786,75,0
1127,56823,75,0
1128,56887,69,0
1129,56955,69,0
1130,56979,39,0
1131,57010,39,0
1132,57077,39,0
1133,57127,19,0
1134,57187,19,0
1135,57216,51,0
1136,57277,51,0
1137,57327,51,0
1138,57377,74,0
1139,57409,74,0
1140,57438,72,0
1141,57531,72,0
1142,57587,72,0
1143,57636,43,0
1144,57716,43,0
1145,57788,20,0
1146,57822,57,0
1147,57852,57,0
1148,57880,57,0
1149,57941,75,0
1150,58009,75,0
1151,58038,70,0
1152,58081,70,0
1153,58127,70,0
1154,58195,34,0
1155,58254,34,0
1156,58293,25,0
1157,58324,25,0
1158,58389,25,0
1159,58437,64,0
1160,58476,64,0
1161,58497,64,0
1162,58546,76,0
1163,58665,76,0
1164,58692,56,0
1165,58723,56,0
1166,58762,20,0
1167,58883,20,0
1168,58918,46,0
1169,58982,46,0
1170,59052,74,0
1171,59122,74,74
1172,59158,73,0
1173,59265,73,0
1174,59301,45,0
1175,59352,45,0
1176,59434,18,0
1177,59503,18,0
1178,59530,51,0
1179,59560,51,0
1180,59625,75,0
1181,59716,75,0
1182,59744,72,0
1183,59774,72,0
1184,59837,72,0
1185,59886,46,0
1186,59932,46,0
1187,59965,17,0
1188,60001,17,0
1189,60055,17,0
1190,60129,43,0
1191,60149,43,0
1192,60183,43,0
1193,60257,72,0
1194,60322,72,0
1195,60347,74,0
1196,60368,74,0
1197,60401,74,0
1198,60478,50,0
1199,60551,50,0
1200,60599,17,0
1201,60681,17,0
1202,60727,34,0
1203,60782,34,0
1204,60813,70,0
1205,60879,70,0
1206,60919,70,0
1207,60972,75,0
1208,60998,75,0
1209,61038,54,0
1210,61174,54,0
1211,61222,19,0
1212,61254,19,0
1213,61284,39,0
1214,61342,39,0
1215,61393,39,0
1216,61440,72,0
1217,61521,72,0
1218,61596,73,0
1219,61616,73,0
1220,61661,44,0
1221,61713,44,0
1222,61790,44,0
1223,61816,16,0
1224,61838,16,0
1225,61878,49,0
1226,61961,49,0
1227,62046,49,0
1228,62091,75,0
1229,62129,71,0
1230,62238,71,0
1231,62293,39,0
1232,62320,39,0
1233,62368,16,0
1234,62504,16,0
1235,62557,48,0
1236,62587,48,0
1237,62615,74,0
1238,62665,74,0
1239,62746,74,74
1240,62783,73,0
1241,62856,73,0
1242,62902,44,0
1243,62979,44,0
1244,63003,15,0
1245,63040,15,0
1246,63088,41,0
1247,63182,41,0
1248,63221,72,0
1249,63242,72,0
1250,63316,72,0
1251,63360,76,0
1252,63402,76,0
1253,63438,55,0
1254,63505,55,0
1255,63546,55,0
1256,63618,18,0
1257,63645,18,0
1258,63684,46,0
1259,63737,46,0
1260,63796,46,0
1261,63857,75,0
1262,63896,75,0
1263,63926,74,0
1264,63988,74,0
1265,64049,74,0
1266,64100,47,0
1267,64124,47,0
1268,64158,17,0
1269,64244,17,0
1270,64283,17,0
1271,64318,46,0
1272,64336,46,0
1273,64373,46,0
1274,64413,74,0
1275,64505,74,0
1276,64531,75,0
1277,64558,75,0
1278,64609,75,0
1279,64681,48,0
1280,64736,48,0
1281,64770,18,0
1282,64800,18,0
1283,64877,18,0
1284,64904,55,0
1285,64944,55,0
1286,64967,55,0
1287,64998,76,0
1288,65072,76,0
1289,65136,76,0
1290,65185,69,0
1291,65211,69,0
1292,65261,29,0
1293,65323,29,0
1294,65363,29,0
1295,65398,24,0
1296,65464,24,0
1297,65556,61,0
1298,65582,61,0
1299,65612,77,0
1300,65691,77,0
1301,65752,77,0
1302,65785,67,0
1303,65822,67,0
1304,65865,31,0
1305,65896,31,0
1306,65958,31,0
1307,66025,18,0
1308,66048,18,0
1309,66079,55,0
1310,66158,55,0
1311,66224,55,0
1312,66239,76,76
1313,66279,76,0
1314,66338,71,0
1315,66446,71,0
1316,66492,39,0
1317,66519,39,0
1318,66589,17,0
1319,66656,17,0
1320,66678,52,0
1321,66717,52,0
1322,66785,52,0
1323,66859,75,0
1324,66895,75,0
1325,66920,75,0
1326,66991,75,0
1327,67025,75,0
1328,67068,56,0
1329,67120,56,0
1330,67171,20,0
1331,67286,20,0
1332,67337,31,0
1333,67420,31,0
1334,67491,69,0
1335,67513,69,0
1336,67543,76,0
1337,67622,76,0
1338,67665,55,0
1339,67702,55,0
1340,67734,55,0
1341,67764,18,0
1342,67820,18,0
1343,67867,18,0
1344,67922,40,0
1345,67958,40,0
1346,68011,73,0
1347,68079,73,0
1348,68128,73,0
1349,68170,75,0
1350,68212,75,0
1351,68272,49,0
1352,68336,49,0
1353,68358,15,0
1354,68398,15,0
1355,68476,15,0
1356,68540,42,0
1357,68575,42,0
1358,68647,72,0
1359,68743,72,0
1360,68767,75,0
1361,68798,75,0
1362,68878,52,0
1363,68952,52,0
1364,68992,16,0
1365,69025,16,0
1366,69082,16,0
1367,69128,39,0
1368,69168,39,0
1369,69206,72,0
1370,69290,72,0
1371,69350,72,0
1372,69391,75,0
1373,69419,75,0
1374,69491,51,0
1375,69615,51,51
1376,69647,16,0
1377,69718,42,0
1378,69795,42,0
1379,69830,73,0
1380,69860,73,0
1381,69903,73,0
1382,69996,76,0
1383,70016,76,0
1384,70041,54,0
1385,70089,54,0
1386,70151,54,0
1387,70212,17,0
1388,70239,17,0
1389,70278,34,0
1390,70414,34,0
1391,70448,69,0
1392,70479,69,0
1393,70531,77,0
1394,70601,77,0
1395,70641,77,0
1396,70677,61,0
1397,70718,61,0
1398,70763,21,0
1399,70847,21,0
1400,70886,21,0
1401,70918,32,0
1402,71025,32,0
1403,71062,69,0
1404,71081,69,0
1405,71117,77,0
1406,71190,77,0
1407,71250,77,0
1408,71278,62,0
1409,71321,62,0
1410,71390,26,0
1411,71477,26,0
1412,71513,23,0
1413,71542,23,0
1414,71621,23,0
1415,71658,65,0
1416,71700,65,0
1417,71730,77,0
1418,71760,77,0
1419,71823,77,0
1420,71867,59,0
1421,71913,59,0
1422,71956,59,0
1423,72014,16,0
1424,72100,16,0
1425,72134,44,0
1426,72166,44,0
1427,72235,75,0
1428,72317,75,0
1429,72361,72,0
1430,72437,72,0
1431,72503,38,0
1432,72535,38,0
1433,72580,15,0
1434,72636,15,0
1435,72705,15,0
1436,72756,54,0
1437,72785,54,0
1438,72869,76,0
1439,72976,76,0
1440,73011,69,0
1441,73154,31,0
1442,73193,20,0
1443,73222,20,0
1444,73270,20,0
1445,73295,60,0
1446,73357,60,0
1447,73391,60,0
1448,73410,77,0
1449,73442,77,0
1450,73518,77,0
1451,73540,71,0
1452,73577,71,0
1453,73601,71,0
1454,73638,42,0
1455,73696,42,0
1456,73740,42,0
1457,73789,14,0
1458,73829,14,0
1459,73851,14,0
1460,73923,38,0
1461,74013,38,0
1462,74043,71,0
1463,74083,71,0
1464,74155,76,76
1465,74226,76,0
1466,74255,51,0
1467,74291,51,0
1468,74364,51,0
1469,74400,15,0
1470,74448,15,0
1471,74478,46,0
1472,74529,46,0
1473,74585,46,0
1474,74628,74,0
1475,74667,74,0
1476,74691,74,0
1477,74720,74,0
1478,74799,74,0
1479,74864,74,0
1480,74882,45,0
1481,74919,45,0
1482,74989,14,0
1483,75041,14,0
1484,75106,14,0
1485,75136,49,0
1486,75164,49,0
1487,75234,75,0
1488,75297,75,0
1489,75319,73,0
1490,75357,73,0
1491,75444,73,0
1492,75526,46,0
1493,75545,46,0
1494,75569,14,0
1495,75624,14,0
1496,75679,14,0
1497,75702,44,0
1498,75725,44,0
1499,75758,44,0
1500,75800,74,0
1501,75929,74,0
1502,75968,73,0
1503,76049,73,0
1504,76136,35,0
1505,76158,42,0
1506,76197,42,0
1507,76249,42,0
1508,76304,70,0
1509,76346,70,0
1510,76385,70,0
1511,76416,77,0
1512,76549,77,0
1513,76595,68,0
1514,76625,68,0
1515,76668,30,0
1516,76737,30,0
1517,76783,16,0
1518,76814,16,0
1519,76855,16,0
1520,76898,52,0
1521,76972,52,0
1522,77001,75,0
1523,77038,75,0
1524,77080,75,0
1525,77125,75,0
1526,77176,75,0
1527,77218,75,0
1528,77265,47,0
1529,77380,47,0
1530,77405,14,0
1531,77437,14,0
1532,77505,48,0
1533,77543,48,0
1534,77596,48,0
1535,77634,74,0
1536,77655,74,0
1537,77731,74,0
1538,77768,75,0
1539,77819,75,0
1540,77842,48,0
1541,77882,48,0
1542,77944,48,0
1543,77974,14,0
1544,78018,14,0
1545,78070,14,0
1546,78100,39,0
1547,78222,39,0
1548,78257,71,71
1549,78287,71,0
1550,78387,71,0
1551,78418,71,0
1552,78576,14,0
1553,78678,14,0
1554,78722,51,0
1555,78758,51,0
1556,78830,76,0
1557,78900,76,0
1558,78918,76,0
1559,78958,71,0
1560,79029,71,0
1561,79093,32,0
1562,79129,32,0
1563,79159,32,0
1564,79237,19,0
1565,79316,19,0
1566,79349,58,0
1567,79380,58,0
1568,79412,58,0
1569,79450,77,0
1570,79529,77,0
1571,79564,67,0
1572,79604,67,0
1573,79656,67,0
1574,79730,28,0
1575,79781,28,0
1576,79814,24,0
1577,79932,24,0
1578,79964,66,0
1579,79998,77,0
1580,80040,77,0
1581,80145,77,0
1582,80187,65,0
1583,80212,65,0
1584,80275,26,0
1585,80348,26,0
1586,80388,26,0
1587,80405,20,0
1588,80438,20,0
1589,80503,58,0
1590,80588,58,0
1591,80615,58,0
1592,80646,76,0
1593,80721,76,0
1594,80764,73,0
1595,80811,73,0
1596,80838,73,0
1597,80894,42,0
1598,80986,42,0
1599,81006,14,0
1600,81039,14,0
1601,81082,14,0
1602,81150,46,0
1603,81202,46,0
1604,81237,75,0
1605,81277,75,0
1606,81323,75,0
1607,81375,71,0
1608,81433,71,0
1609,81461,38,0
1610,81490,38,0
1611,81574,38,0
1612,81615,15,0
1613,81652,15,0
1614,81682,54,0
1615,81729,54,0
1616,81813,54,0
1617,81875,76,76
1618,81896,76,0
1619,81960,71,0
1620,82034,71,0
1621,82059,71,0
1622,82088,35,0
1623,82119,35,0
1624,82208,16,0
1625,82282,16,0
1626,82317,55,0
1627,82390,55,0
1628,82450,77,0
1629,82501,77,0
1630,82521,77,0
1631,82594,73,0
1632,82682,73,0
1633,82719,36,0
1634,82761,36,0
1635,82835,19,0
1636,82895,19,0
1637,82930,60,0
1638,82960,60,0
1639,83015,60,0
1640,83085,77,0
1641,83118,77,0
1642,83144,72,0
1643,83180,72,0
1644,83219,72,0
1645,83253,72,0
1646,83310,43,0
1647,83334,43,0
1648,83364,14,0
1649,83428,14,0
1650,83475,14,0
1651,83500,14,0
1652,83526,48,0
1653,83558,48,0
1654,83600,75,0
1655,83719,75,0
1656,83739,75,0
1657,83770,73,0
1658,83800,73,0
1659,83863,44,0
1660,83942,44,0
1661,83960,44,0
1662,83998,15,0
1663,84064,15,0
1664,84140,46,0
1665,84174,46,0
1666,84203,46,0
1667,84260,74,0
1668,84353,74,0
1669,84394,74,0
1670,84433,74,0
1671,84464,74,0
1672,84509,46,0
1673,84561,46,0
1674,84591,15,0
1675,84621,15,0
1676,84698,15,0
1677,84747,15,0
1678,84797,43,0
1679,84829,72,0
1680,84883,72,0
1681,84952,72,0
1682,84987,76,0
1683,85015,76,0
1684,85062,49,0
1685,85158,49,0
1686,85186,49,0
1687,85207,16,0
1688,85238,16,0
1689,85280,51,0
1690,85410,51,0
1691,85438,76,0
1692,85478,76,0
1693,85545,69,0
1694,85623,69,0
1695,85638,69,0
1696,85683,29,0
1697,85762,29,0
1698,85826,19,0
1699,85864,19,0
1700,85894,19,0
1701,85935,57,0
1702,86031,57,0
1703,86051,76,0
1704,86080,76,0
1705,86119,76,0
1706,86166,69,0
1707,86232,69,0
1708,86266,30,30
1709,86294,30,0
1710,86396,30,0
1711,86479,23,0
1712,86523,64,0
1713,86564,64,0
1714,86618,64,0
1715,86663,77,0
1716,86709,77,0
1717,86735,64,0
1718,86765,64,0
1719,86843,64,0
1720,86889,64,0
1721,86926,27,0
1722,86958,19,0
1723,86998,19,0
1724,87077,19,0
1725,87140,19,0
1726,87182,51,0
1727,87200,74,0
1728,87258,74,0
1729,87308,74,0
1730,87349,74,0
1731,87362,75,0
1732,87398,75,0
1733,87468,56,0
1734,87555,56,0
1735,87585,56,0
1736,87605,20,0
1737,87639,20,0
1738,87686,33,0
1739,87731,33,0
1740,87777,33,0
1741,87798,33,0
1742,87837,67,0
1743,87893,67,0
1744,87939,76,0
1745,87992,76,0
1746,88016,76,0
1747,88044,76,0
1748,88126,59,0
1749,88205,59,0
1750,88237,19,0
1751,88279,19,0
1752,88336,38,0
1753,88420,38,0
1754,88447,71,0
1755,88479,71,0
1756,88545,71,0
1757,88585,76,0
1758,88634,76,0
1759,88669,58,0
1760,88696,58,0
1761,88784,58,0
1762,88834,19,0
1763,88857,19,0
1764,88887,37,0
1765,88945,37,0
1766,88987,37,0
1767,89036,37,0
1768,89073,71,0
1769,89105,71,0
1770,89191,76,0
1771,89264,76,0
1772,89288,54,0
1773,89335,54,0
1774,89394,17,0
1775,89456,17,0
1776,89483,17,0
1777,89526,46,0
1778,89618,46,0
1779,89658,74,0
1780,89696,74,0
1781,89735,74,0
1782,89780,75,0
1783,89901,75,0
1784,89918,52,0
1785,89958,52,0
1786,90047,18,18
1787,90136,18,0
1788,90172,33,0
1789,90238,33,0
1790,90273,69,0
1791,90328,69,0
1792,90358,76,0
1793,90420,76,0
1794,90494,76,0
1795,90525,57,0
1796,90558,21,0
1797,90622,21,0
1798,90666,21,0
1799,90710,21,0
1800,90752,30,0
1801,90793,30,0
1802,90822,68,0
1803,90917,68,0
1804,90969,68,0
1805,91004,77,0
1806,91098,61,0
1807,91185,61,0
1808,91232,24,0
1809,91255,24,0
1810,91312,29,0
1811,91425,29,0
1812,91444,68,0
1813,91477,68,0
1814,91541,76,0
1815,91622,76,0
1816,91673,56,0
1817,91707,56,0
1818,91781,56,0
1819,91836,20,0
1820,91879,20,0
1821,91918,39,0
1822,91996,39,0
1823,92055,72,0
1824,92077,72,0
1825,92118,74,0
1826,92171,74,0
1827,92204,74,0
1828,92256,50,0
1829,92284,50,0
1830,92324,50,0
1831,92394,18,0
1832,92486,18,0
1833,92518,42,0
1834,92578,42,0
1835,92643,71,0
1836,92724,71,0
1837,92758,75,0
1838,92810,75,0
1839,92875,54,0
1840,92942,54,0
1841,92971,18,0
1842,93002,18,0
1843,93083,18,0
1844,93141,40,0
1845,93159,40,0
1846,93200,71,0
1847,93251,71,0
1848,93307,71,0
1849,93333,75,0
1850,93363,75,0
1851,93398,75,0
1852,93460,53,0
1853,93635,53,0
1854,93676,18,0
1855,93699,40,0
1856,93719,40,0
1857,93796,40,0
1858,93891,71,71
1859,93919,75,0
1860,93964,75,0
1861,94038,75,0
1862,94084,55,0
1863,94134,55,0
1864,94159,19,0
1865,94239,19,0
1866,94312,19,0
1867,94324,35,0
1868,94359,35,0
1869,94413,68,0
1870,94516,68,0
1871,94532,76,0
1872,94562,76,0
1873,94651,76,0
1874,94700,60,0
1875,94742,60,0
1876,94792,22,0
1877,94828,22,0
1878,94903,22,0
1879,94949,39,0
1880,94976,39,0
1881,95001,71,0
1882,95048,71,0
1883,95092,71,0
1884,95138,75,0
1885,95166,75,0
1886,95200,75,0
1887,95267,54,0
1888,95362,54,0
1889,95385,20,0
1890,95414,20,0
1891,95452,20,0
1892,95537,37,0
1893,95592,37,0
1894,95623,69,0
1895,95653,69,0
1896,95721,69,0
1897,95797,76,0
1898,95817,76,0
1899,95847,63,0
1900,95904,63,0
1901,95957,63,0
1902,96001,23,0
1903,96037,23,0
1904,96067,23,0
1905,96134,36,0
1906,96216,36,0
1907,96246,70,0
1908,96322,70,0
1909,96400,76,0
1910,96435,76,0
1911,96477,61,0
1912,96587,61,0
1913,96627,27,0
1914,96653,27,0
1915,96683,22,0
1916,96739,22,0
1917,96775,22,0
1918,96828,58,0
1919,96852,58,0
1920,96879,58,0
1921,96958,76,0
1922,97033,76,0
1923,97070,68,0
1924,97091,68,0
1925,97167,68,0
1926,97238,34,0
1927,97258,34,0
1928,97281,22,0
1929,97320,22,0
1930,97388,22,0
1931,97428,61,0
1932,97462,61,0
1933,97493,61,0
1934,97568,75,0
1935,97641,75,0
1936,97692,62,0
1937,97722,62,0
1938,97766,26,0
1939,97866,26,26
1940,97901,26,0
1941,97931,26,0
1942,98004,26,0
1943,98052,26,0
1944,98100,63,0
1945,98191,76,0
1946,98254,76,0
1947,98290,64,0
1948,98319,64,0
1949,98364,27,0
1950,98499,27,0
1951,98533,29,0
1952,98564,29,0
1953,98602,68,0
1954,98682,68,0
1955,98727,68,0
1956,98763,74,0
1957,98800,74,0
1958,98859,51,0
1959,98926,51,0
1960,98963,51,0
1961,99020,19,0
1962,99133,19,0
1963,99154,43,0
1964,99183,43,0
1965,99237,43,0
1966,99288,72,0
1967,99350,75,0
1968,99368,75,0
1969,99398,75,0
1970,99479,75,0
1971,99556,52,0
1972,99592,19,0
1973,99620,19,0
1974,99675,19,0
1975,99720,19,0
1976,99763,40,0
1977,99813,73,0
1978,99855,73,0
1979,99914,73,0
1980,99968,73,0
1981,99999,71,0
1982,100040,38,0
1983,100164,38,0
1984,100218,38,0
1985,100241,20,0
1986,100319,54,0
1987,100385,54,0
1988,100403,54,0
1989,100439,74,0
1990,100514,74,0
1991,100590,72,0
1992,100613,72,0
1993,100658,72,0
1994,100712,49,0
1995,100806,49,0
1996,100839,20,0
1997,100914,20,0
1998,100990,39,0
1999,101023,71,0
2000,101054,71,0
2001,101141,71,0
2002,101189,71,0
2003,101219,76,0
2004,101239,58,0
2005,101282,58,0
2006,101346,58,0
2007,101425,58,0
2008,101458,21,0
2009,101518,47,47
2010,101634,47,0
2011,101678,74,0
2012,101717,74,0
2013,101759,70,0
2014,101813,70,0
2015,101844,70,0
2016,101879,40,0
2017,101978,40,0
2018,102054,20,0
2019,102089,20,0
2020,102119,54,0
2021,102207,54,0
2022,102258,75,0
2023,102279,75,0
2024,102319,75,0
2025,102381,69,0
2026,102443,69,0
2027,102477,36,0
2028,102517,36,0
2029,102551,36,0
2030,102615,36,0
2031,102657,21,0
2032,102718,57,0
2033,102749,57,0
2034,102787,57,0
2035,102857,57,0
2036,102898,76,0
2037,102931,69,0
2038,102959,69,0
2039,103036,69,0
2040,103071,69,0
2041,103102,37,0
2042,103152,37,0
2043,103180,20,0
2044,103243,20,0
2045,103288,20,0
2046,103322,20,0
2047,103373,52,0
2048,103403,74,0
2049,103468,74,0
2050,103494,74,0
2051,103550,74,0
2052,103583,73,0
2053,103620,73,0
2054,103670,44,0
2055,103748,44,0
2056,103770,44,0
2057,103799,20,0
2058,103904,20,0
2059,103948,54,0
2060,103997,54,0
2061,104016,54,0
2062,104048,75,0
2063,104131,75,0
2064,104183,71,0
2065,104207,71,0
2066,104246,71,0
2067,104305,41,0
2068,104406,41,0
2069,104438,19,0
2070,104483,19,0
2071,104541,50,0
2072,104616,50,0
2073,104652,74,0
2074,104678,74,0
2075,104749,74,0
2076,104792,71,0
2077,104839,71,0
2078,104862,38,0
2079,104890,38,0
2080,104944,38,0
2081,105009,38,0
2082,105047,24,0
2083,105079,61,0
2084,105124,61,0
2085,105253,61,0
2086,105293,76,0
2087,105353,63,63
2088,105461,63,0
2089,105485,27,0
2090,105559,27,0
2091,105677,29,0
2092,105712,29,0
2093,105733,66,0
2094,105811,66,0
2095,105877,76,0
2096,105917,76,0
2097,105950,76,0
2098,105997,57,0
2099,106059,57,0
2100,106107,23,0
2101,106141,23,0
2102,106169,23,0
2103,106214,31,0
2104,106316,31,0
2105,106366,67,0
2106,106410,67,0
2107,106455,76,0
2108,106500,76,0
2109,106532,64,0
2110,106572,64,0
2111,106612,64,0
2112,106685,64,0
2113,106738,31,0
2114,106772,21,0
2115,106802,21,0
2116,106845,21,0
2117,106896,21,0
2118,106947,54,0
2119,106982,54,0
2120,107017,75,0
2121,107137,75,0
2122,107205,75,0
2123,107251,36,0
2124,107375,36,0
2125,107425,19,0
2126,107498,19,0
2127,107586,54,0
2128,107606,54,0
2129,107641,75,0
2130,107703,75,0
2131,107752,63,0
2132,107799,63,0
2133,107829,63,0
2134,107859,63,0
2135,107908,25,0
2136,108010,25,0
2137,108044,37,0
2138,108078,37,0
2139,108144,70,0
2140,108185,70,0
2141,108212,76,0
2142,108238,76,0
2143,108278,76,0
2144,108344,76,0
2145,108403,54,0
2146,108449,54,0
2147,108478,20,0
2148,108556,20,0
2149,108614,20,0
2150,108647,40,0
2151,108678,71,0
2152,108721,71,0
2153,108788,71,0
2154,108845,71,0
2155,108878,75,0
2156,108919,52,0
2157,108964,52,0
2158,109036,52,0
2159,109073,52,0
2160,109106,20,0
2161,109135,20,0
2162,109183,46,0
2163,109289,46,0
2164,109324,73,0
2165,109360,73,73
2166,109410,74,0
2167,109506,74,0
2168,109538,74,0
2169,109569,49,0
2170,109712,49,0
2171,109737,18,0
2172,109759,18,0
2173,109804,37,0
2174,109897,37,0
2175,109927,68,0
2176,109963,68,0
2177,109999,68,0
2178,110049,76,0
2179,110150,76,0
2180,110173,63,0
2181,110199,63,0
2182,110265,63,0
2183,110321,26,0
2184,110362,26,0
2185,110398,26,0
2186,110477,26,0
2187,110522,26,0
2188,110573,61,0
2189,110600,76,0
2190,110638,76,0
2191,110681,76,0
2192,110723,76,0
2193,110766,66,0
2194,110828,66,0
2195,110848,29,0
2196,110883,29,0
2197,110956,29,0
2198,110993,29,0
2199,111032,27,0
2200,111066,27,0
2201,111096,65,0
2202,111217,65,0
2203,111266,65,0
2204,111283,76,0
2205,111360,58,0
2206,111444,58,0
2207,111479,20,0
2208,111533,20,0
2209,111594,42,0
2210,111657,42,0
2211,111696,42,0
2212,111727,73,0
2213,111837,73,0
2214,111882,73,0
2215,111918,73,0
2216,111971,43,0
2217,112072,43,0
2218,112107,20,0
2219,112138,20,0
2220,112186,20,0
2221,112226,58,0
2222,112317,58,0
2223,112347,76,0
2224,112419,76,0
2225,112457,69,0
2226,112493,69,0
2227,112541,34,0
2228,112599,34,0
2229,112644,34,0
2230,112673,34,0
2231,112699,20,0
2232,112721,20,0
2233,112759,59,0
2234,112879,59,0
2235,112912,59,0
2236,112942,76,76
2237,112973,76,0
2238,113044,66,0
2239,113115,66,0
2240,113136,66,0
2241,113159,30,0
2242,113222,30,0
2243,113280,24,0
2244,113326,24,0
2245,113359,24,0
2246,113399,62,0
2247,113535,62,0
2248,113569,76,0
2249,113600,76,0
2250,113641,71,0
2251,113702,71,0
2252,113741,33,0
2253,113760,33,0
2254,113799,33,0
2255,113867,33,0
2256,113920,24,0
2257,113970,24,0
2258,114005,55,0
2259,114044,55,0
2260,114163,55,0
2261,114187,73,0
2262,114217,76,0
2263,114315,76,0
2264,114383,76,0
2265,114403,52,0
2266,114449,17,0
2267,114508,17,0
2268,114544,17,0
2269,114599,17,0
2270,114639,43,0
2271,114719,73,0
2272,114786,73,0
2273,114814,73,0
2274,114844,71,0
2275,114879,71,0
2276,114953,37,0
2277,115017,37,0
2278,115039,37,0
2279,115079,25,0
2280,115154,25,0
2281,115197,64,0
2282,115242,64,0
2283,115279,64,0
2284,115333,77,0
2285,115432,77,0
2286,115467,68,0
2287,115497,68,0
2288,115537,68,0
2289,115602,32,0
2290,115651,32,0
2291,115687,27,0
2292,115728,27,0
2293,115795,27,0
2294,115858,67,0
2295,115879,77,0
2296,115919,77,0
2297,115992,77,0
2298,116060,77,0
2299,116094,59,0
2300,116123,19,0
2301,116191,19,0
2302,116217,19,0
2303,116270,19,0
2304,116313,41,0
2305,116359,41,0
2306,116398,71,0
2307,116466,71,0
2308,116507,71,0
2309,116526,77,0
2310,116573,77,0
2311,116717,63,63
2312,116745,63,0
2313,116776,28,0
2314,116868,28,0
2315,116935,28,0
2316,116962,22,0
2317,116999,63,0
2318,117059,63,0
2319,117134,63,0
2320,117167,77,0
2321,117198,77,0
2322,117239,68,0
2323,117326,68,0
2324,117384,32,0
2325,117403,32,0
2326,117442,32,0
2327,117501,17,0
2328,117574,17,0
2329,117599,59,0
2330,117638,59,0
2331,117704,59,0
2332,117766,77,0
2333,117809,77,0
2334,117839,63,0
2335,117881,63,0
2336,117969,63,0
2337,118014,22,0
2338,118061,22,0
2339,118085,41,0
2340,118146,41,0
2341,118191,41,0
2342,118248,73,0
2343,118280,73,0
2344,118320,75,0
2345,118402,75,0
2346,118455,75,0
2347,118486,44,0
2348,118522,44,0
2349,118559,15,0
2350,118619,15,0
2351,118686,15,0
2352,118719,49,0
2353,118758,49,0
2354,118835,75,0
2355,118913,75,0
2356,118933,72,0
2357,118962,72,0
2358,119018,72,0
2359,119107,36,0
2360,119136,36,0
2361,119159,20,0
2362,119199,20,0
2363,119254,20,0
2364,119287,61,0
2365,119343,61,0
2366,119365,61,0
2367,119408,77,0
2368,119498,77,0
2369,119552,65,0
2370,119587,65,0
2371,119616,65,0
2372,119678,24,0
2373,119765,24,0
2374,119803,29,0
2375,119838,29,0
2376,119894,67,0
2377,119973,67,0
2378,119988,67,0
2379,120021,77,0
2380,120051,77,0
2381,120108,77,0
2382,120152,60,0
2383,120203,60,0
2384,120239,21,0
2385,120280,21,0
2386,120336,21,0
2387,120417,29,29
2388,120438,29,0
2389,120479,64,0
2390,120605,64,0
2391,120629,78,0
2392,120654,78,0
2393,120679,78,0
2394,120734,70,0
2395,120840,70,0
2396,120879,36,0
2397,120975,36,0
2398,121039,20,0
2399,121097,20,0
2400,121120,61,0
2401,121171,61,0
2402,121236,77,0
2403,121299,77,0
2404,121334,59,0
2405,121373,59,0
2406,121421,59,0
2407,121478,18,0
2408,121521,18,0
2409,121559,34,0
2410,121631,34,0
2411,121686,34,0
2412,121722,68,0
2413,121759,68,0
2414,121810,78,0
2415,121926,78,0
2416,121961,69,0
2417,122004,69,0
2418,122064,30,0
2419,122139,30,0
2420,122175,19,0
2421,122230,19,0
2422,122277,19,0
2423,122327,58,0
2424,122372,58,0
2425,122401,77,0
2426,122465,77,0
2427,122502,77,0
2428,122558,62,0
2429,122584,62,0
2430,122617,62,0
2431,122687,20,0
2432,122766,20,0
2433,122799,34,0
2434,122862,34,0
2435,122907,70,0
2436,122969,70,0
2437,122998,78,0
2438,123041,78,0
2439,123081,78,0
2440,123139,62,0
2441,123193,62,0
2442,123209,62,0
2443,123239,22,0
2444,123283,22,0
2445,123351,22,0
2446,123394,24,0
2447,123428,24,0
2448,123458,24,0
2449,123532,65,0
2450,123619,65,0
2451,123640,78,0
2452,123684,78,0
2453,123762,64,0
2454,123813,64,0
2455,123839,24,0
2456,123880,24,0
2457,123923,24,0
2458,123981,29,0
2459,124028,29,0
2460,124050,29,0
2461,124079,68,0
2462,124141,68,0
2463,124198,68,68
2464,124235,78,0
2465,124274,78,0
2466,124295,78,0
2467,124346,68,0
2468,124424,68,0
2469,124460,68,0
2470,124484,32,0
2471,124522,32,0
2472,124586,19,0
2473,124628,19,0
2474,124679,19,0
2475,124710,60,0
2476,124734,60,0
2477,124809,60,0
2478,124859,78,0
2479,124895,78,0
2480,124925,68,0
2481,124987,68,0
2482,125033,68,0
2483,125082,26,0
2484,125112,26,0
2485,125139,26,0
2486,125168,30,0
2487,125227,30,0
2488,125276,30,0
2489,125306,70,0
2490,125336,70,0
2491,125365,70,0
2492,125403,77,0
2493,125508,77,0
2494,125543,56,0
2495,125576,56,0
2496,125620,56,0
2497,125662,16,0
2498,125716,16,0
2499,125730,16,0
2500,125760,42,0
2501,125809,42,0
2502,125858,42,0
2503,125927,74,0
2504,125948,74,0
2505,125993,74,0
2506,126062,77,0
2507,126138,77,0
2508,126178,55,0
2509,126202,55,0
2510,126266,17,0
2511,126339,17,0
2512,126358,17,0
2513,126387,32,0
2514,126424,32,0
2515,126511,32,0
2516,126575,70,0
2517,126605,78,0
2518,126643,78,0
2519,126685,78,0
2520,126757,54,0
2521,126776,54,0
2522,126800,54,0
2523,126872,15,0
2524,126953,15,0
2525,126980,42,0
2526,127009,42,0
2527,127048,42,0
2528,127116,74,0
2529,127183,74,0
2530,127207,76,0
2531,127239,76,0
2532,127312,76,0
2533,127381,57,0
2534,127417,57,0
2535,127445,19,0
2536,127520,19,0
2537,127583,19,0
2538,127608,27,0
2539,127640,27,0
2540,127683,68,0
2541,127789,68,0
2542,127828,77,0
2543,127858,77,0
2544,127943,77,0
2545,128011,63,0
2546,128048,22,0
2547,128078,22,0
2548,128194,22,0
2549,128234,33,0
2550,128261,33,0
2551,128292,71,0
2552,128418,71,0
2553,128452,76,0
2554,128482,76,0
2555,128526,51,0
2556,128643,51,0
2557,128663,15,0
2558,128696,15,0
2559,128758,15,15
2560,128826,50,0
2561,128858,50,0
2562,128880,76,0
2563,128924,76,0
2564,128991,76,0
2565,129021,72,0
2566,129077,72,0
2567,129097,72,0
2568,129142,33,0
2569,129198,33,0
2570,129236,33,0
2571,129279,16,0
2572,129322,16,0
2573,129362,56,0
2574,129447,56,0
2575,129500,56,0
2576,129538,78,0
2577,129570,78,0
2578,129601,70,0
2579,129743,70,0
2580,129791,33,0
2581,129820,33,0
2582,129873,16,0
2583,129956,16,0
2584,129977,56,0
2585,130008,56,0
2586,130068,56,0
2587,130123,76,0
2588,130167,76,0
2589,130202,74,0
2590,130249,74,0
2591,130305,74,0
2592,130334,42,0
2593,130376,42,0
2594,130415,42,0
2595,130445,13,0
2596,130525,13,0
2597,130580,13,0
2598,130604,49,0
2599,130638,49,0
2600,130710,75,0
2601,130788,75,0
2602,130829,75,0
2603,130848,75,0
2604,130918,75,0
2605,130966,42,0
2606,131003,42,0
2607,131039,15,0
2608,131127,15,0
2609,131190,50,0
2610,131220,50,0
2611,131250,50,0
2612,131322,76,0
2613,131419,76,0
2614,131449,74,0
2615,131479,74,0
2616,131563,36,0
2617,131621,36,0
2618,131660,22,0
2619,131708,22,0
2620,131770,22,0
2621,131835,68,68
2622,131855,68,0
2623,131885,78,0
2624,131967,78,0
2625,132026,78,0
2626,132069,64,0
2627,132101,64,0
2628,132163,20,0
2629,132255,20,0
2630,132282,29,0
2631,132318,29,0
2632,132390,68,0
2633,132470,68,0
2634,132498,78,0
2635,132554,78,0
2636,132588,78,0
2637,132669,65,0
2638,132691,65,0
2639,132721,24,0
2640,132763,24,0
2641,132852,24,0
2642,132878,26,0
2643,132912,26,0
2644,132936,26,0
2645,132997,66,0
2646,133086,66,0
2647,133124,78,0
2648,133169,78,0
2649,133232,63,0
2650,133292,63,0
2651,133320,25,0
2652,133359,25,0
2653,133432,25,0
2654,133505,22,0
2655,133535,22,0
2656,133562,63,0
2657,133630,63,0
2658,133669,63,0
2659,133713,78,0
2660,133747,78,0
2661,133785,78,0
2662,133850,71,0
2663,133921,71,0
2664,133958,40,0
2665,134043,40,0
2666,134114,13,0
2667,134160,13,0
2668,134199,42,0
2669,134278,42,0
2670,134333,74,0
2671,134383,74,0
2672,134412,75,0
2673,134457,75,0
2674,134515,75,0
2675,134563,45,0
2676,134599,45,0
2677,134621,45,0
2678,134677,15,0
2679,134739,15,0
2680,134780,56,0
2681,134815,56,0
2682,134844,56,0
2683,134916,77,0
2684,134949,77,0
2685,134995,77,0
2686,135030,72,0
2687,135066,72,0
2688,135148,72,0
2689,135216,38,38
2690,135244,16,0
2691,135313,16,0
2692,135369,16,0
2693,135430,56,0
2694,135476,56,0
2695,135507,77,0
2696,135618,77,0
2697,135657,71,0
2698,135682,71,0
2699,135719,36,0
2700,135838,36,0
2701,135869,15,0
2702,135914,15,0
2703,135970,15,0
2704,136022,51,0
2705,136062,51,0
2706,136097,77,0
2707,136127,77,0
2708,136191,77,0
2709,136252,74,0
2710,136276,74,0
2711,136307,74,0
2712,136348,45,0
2713,136453,45,0
2714,136479,13,0
2715,136519,13,0
2716,136596,46,0
2717,136684,46,0
2718,136719,74,0
2719,136801,74,0
2720,136869,75,0
2721,136905,75,0
2722,136934,48,0
2723,136987,48,0
2724,137039,48,0
2725,137079,16,0
2726,137098,16,0
2727,137120,16,0
2728,137164,51,0
2729,137256,51,0
2730,137307,76,0
2731,137337,76,0
2732,137381,76,0
2733,137449,75,0
2734,137504,75,0
2735,137522,40,0
2736,137559,40,0
2737,137605,40,0
2738,137662,18,0
2739,137716,18,0
2740,137740,18,0
2741,137789,55,0
2742,137921,55,0
2743,137970,76,0
2744,138005,73,0
2745,138081,73,0
2746,138127,73,0
2747,138153,42,0
2748,138183,42,0
2749,138252,42,0
2750,138307,17,0
2751,138349,17,0
2752,138364,55,0
2753,138415,55,0
2754,138499,55,0
2755,138564,77,0
2756,138599,68,0
2757,138666,68,0
2758,138719,68,0
2759,138773,25,0
2760,138800,25,0
2761,138839,25,0
2762,138912,25,0
2763,138981,25,0
2764,139018,66,0
2765,139112,66,0
2766,139177,78,0
2767,139211,78,0
2768,139241,59,0
2769,139305,59,0
2770,139371,20,0
2771,139428,20,0
2772,139460,32,0
2773,139505,32,0
2774,139573,32,0
2775,139638,68,68
2776,139677,68,0
2777,139713,78,0
2778,139791,78,0
2779,139849,62,0
2780,139880,62,0
2781,139920,23,0
2782,140018,23,0
2783,140064,30,0
2784,140088,30,0
2785,140120,30,0
2786,140176,66,0
2787,140257,66,0
2788,140279,77,0
2789,140319,77,0
2790,140373,77,0
2791,140408,66,0
2792,140465,66,0
2793,140497,66,0
2794,140528,29,0
2795,140585,29,0
2796,140641,29,0
2797,140686,20,0
2798,140712,20,0
2799,140735,20,0
2800,140840,56,0
2801,140891,56,0
2802,140934,74,0
2803,140970,74,0
2804,141030,74,0
2805,141067,74,0
2806,141120,74,0
2807,141159,44,0
2808,141245,44,0
2809,141309,15,0
2810,141334,15,0
2811,141364,51,0
2812,141440,51,0
2813,141545,51,0
2814,141597,75,0
2815,141696,74,0
2816,141737,41,0
2817,141764,41,0
2818,141804,41,0
2819,141861,17,0
2820,141926,17,0
2821,141959,55,0
2822,141999,55,0
2823,142102,55,0
2824,142161,77,0
2825,142181,77,0
2826,142203,72,0
2827,142247,72,0
2828,142362,72,0
2829,142399,37,0
2830,142421,37,0
2831,142470,22,0
2832,142579,22,0
2833,142619,60,0
2834,142641,60,0
2835,142701,77,0
2836,142746,77,0
2837,142798,77,0
2838,142828,67,0
2839,142866,67,0
2840,142953,67,0
2841,143003,27,0
2842,143039,25,0
2843,143084,25,25
2844,143159,25,0
2845,143190,62,0
2846,143233,62,0
2847,143262,62,0
2848,143299,77,0
2849,143374,77,0
2850,143429,70,0
2851,143459,70,0
2852,143489,70,0
2853,143563,37,0
2854,143640,37,0
2855,143679,20,0
2856,143746,20,0
2857,143784,55,0
2858,143851,55,0
2859,143898,75,0
2860,143944,75,0
2861,143996,75,0
2862,144031,70,0
2863,144065,70,0
2864,144119,70,0
2865,144179,33,0
2866,144254,33,0
2867,144279,16,0
2868,144320,16,0
2869,144388,49,0
2870,144477,49,0
2871,144512,74,0
2872,144543,74,0
2873,144598,74,0
2874,144667,74,0
2875,144703,74,0
2876,144734,46,0
2877,144816,46,0
2878,144890,46,0
2879,144919,16,0
2880,144979,48,0
2881,145097,48,0
2882,145139,75,0
2883,145171,75,0
2884,145230,72,0
2885,145305,72,0
2886,145330,41,0
2887,145360,41,0
2888,145408,41,0
2889,145468,22,0
2890,145541,22,0
2891,145575,61,0
2892,145658,61,0
2893,145705,77,0
2894,145735,77,0
2895,145766,77,0
2896,145839,69,0
2897,145887,69,0
2898,145929,33,0
2899,145959,33,0
2900,146000,33,0
2901,146072,19,0
2902,146135,19,0
2903,146167,58,0
2904,146200,58,0
2905,146242,58,0
2906,146291,77,0
2907,146346,77,0
2908,146361,77,0
2909,146400,62,0
2910,146474,62,0
2911,146542,62,0
2912,146580,23,0
2913,146609,23,0
2914,146677,33,0
2915,146788,33,33
2916,146832,69,0
2917,146909,69,0
2918,146977,77,0
2919,147008,65,0
2920,147040,65,0
2921,147111,65,0
2922,147166,25,0
2923,147202,25,0
2924,147239,28,0
2925,147325,28,0
2926,147377,28,0
2927,147401,64,0
2928,147447,64,0
2929,147481,77,0
2930,147604,77,0
2931,147641,71,0
2932,147685,71,0
2933,147766,42,0
2934,147821,42,0
2935,147861,16,0
2936,147885,16,0
2937,147954,16,0
2938,148021,41,0
2939,148041,41,0
2940,148079,70,0
2941,148134,70,0
2942,148206,70,0
2943,148239,75,0
2944,148278,75,0
2945,148342,48,0
2946,148435,48,0
2947,148447,18,0
2948,148484,18,0
2949,148558,18,0
2950,148618,50,0
2951,148650,50,0
2952,148700,75,0
2953,148784,75,0
2954,148854,73,0
2955,148880,73,0
2956,148923,42,0
2957,149030,42,0
2958,149067,21,0
2959,149097,21,0
2960,149131,21,0
2961,149195,63,0
2962,149273,63,0
2963,149287,77,0
2964,149319,77,0
2965,149401,77,0
2966,149480,60,0
2967,149519,23,0
2968,149588,23,0
2969,149634,23,0
2970,149685,35,0
2971,149725,35,0
2972,149761,68,0
2973,149898,68,0
2974,149941,77,0
2975,149976,77,0
2976,150024,67,0
2977,150074,67,0
2978,150127,67,0
2979,150162,34,0
2980,150228,34,0
2981,150313,20,0
2982,150352,20,0
2983,150379,56,0
2984,150459,56,0
2985,150532,56,0
2986,150571,76,0
2987,150599,72,0
2988,150647,72,0
2989,150687,72,0
2990,150744,42,42
2991,150797,42,0
2992,150822,42,0
2993,150865,19,0
2994,150925,19,0
2995,150975,19,0
2996,151000,53,0
2997,151077,53,0
2998,151122,75,0
2999,151189,75,0
3000,151217,72,0
3001,151281,72,0
3002,151324,72,0
3003,151371,39,0
3004,151408,39,0
3005,151439,18,0
3006,151492,18,0
3007,151532,18,0
3008,151593,58,0
3009,151634,58,0
3010,151662,58,0
3011,151727,75,0
3012,151787,75,0
3013,151823,61,0
3014,151853,61,0
3015,151924,61,0
3016,152011,24,0
3017,152032,24,0
3018,152061,36,0
3019,152097,36,0
3020,152166,36,0
3021,152222,71,0
3022,152253,71,0
3023,152284,74,0
3024,152352,74,0
3025,152416,74,0
3026,152437,74,0
3027,152470,74,0
3028,152499,74,0
3029,152639,48,0
3030,152679,48,0
3031,152726,48,0
3032,152765,75,0
3033,152822,75,0
3034,152847,75,0
3035,152879,71,0
3036,152932,71,0
3037,152976,71,0
3038,153048,38,0
3039,153072,38,0
3040,153101,38,0
3041,153133,21,0
3042,153254,21,0
3043,153293,56,0
3044,153319,56,0
3045,153374,75,0
3046,153501,75,0
3047,153542,71,0
3048,153605,71,0
3049,153667,42,0
3050,153764,42,0
3051,153803,19,0
3052,153863,51,0
3053,153937,51,0
3054,153968,74,0
3055,154002,74,0
3056,154072,74,0
3057,154141,73,0
3058,154219,73,0
3059,154243,47,0
3060,154299,47,0
3061,154390,21,21
3062,154412,21,0
3063,154439,53,0
3064,154493,53,0
3065,154544,53,0
3066,154617,75,0
3067,154651,75,0
3068,154681,69,0
3069,154761,69,0
3070,154832,69,0
3071,154862,33,0
3072,154899,33,0
3073,154961,26,0
3074,155076,26,0
3075,155127,61,0
3076,155158,76,0
3077,155226,76,0
3078,155287,76,0
3079,155345,65,0
3080,155374,65,0
3081,155403,28,0
3082,155469,28,0
3083,155529,28,0
3084,155574,26,0
3085,155599,26,0
3086,155639,59,0
3087,155730,59,0
3088,155785,76,0
3089,155806,76,0
3090,155839,76,0
3091,155917,69,0
3092,155974,69,0
3093,155996,69,0
3094,156036,31,0
3095,156057,31,0
3096,156111,31,0
3097,156157,36,0
3098,156210,36,0
3099,156240,70,0
3100,156279,70,0
3101,156355,70,0
3102,156411,75,0
3103,156445,75,0
3104,156484,55,0
3105,156552,55,0
3106,156607,55,0
3107,156658,21,0
3108,156693,21,0
3109,156756,38,0
3110,156824,38,0
3111,156874,69,0
3112,156960,69,0
3113,157020,76,0
3114,157056,76,0
3115,157084,53,0
3116,157150,53,0
3117,157197,53,0
3118,157241,20,0
3119,157272,20,0
3120,157322,20,0
3121,157357,39,0
3122,157457,39,0
3123,157503,70,0
3124,157538,70,0
3125,157607,74,0
3126,157665,74,0
3127,157687,51,0
3128,157719,51,0
3129,157794,51,0
3130,157863,20,0
3131,157899,20,0
3132,157926,34,0
3133,157983,34,0
3134,158088,34,0
3135,158126,66,0
3136,158160,76,76
3137,158206,76,0
3138,158249,76,0
3139,158291,60,0
3140,158332,60,0
3141,158373,60,0
3142,158424,23,0
3143,158491,23,0
3144,158528,37,0
3145,158559,37,0
3146,158600,37,0
3147,158644,70,0
3148,158715,70,0
3149,158738,70,0
3150,158767,75,0
3151,158830,75,0
3152,158874,75,0
3153,158927,50,0
3154,158959,50,0
3155,159000,19,0
3156,159047,19,0
3157,159088,19,0
3158,159138,48,0
3159,159173,48,0
3160,159242,48,0
3161,159330,74,0
3162,159360,74,0
3163,159404,75,0
3164,159489,75,0
3165,159558,49,0
3166,159580,49,0
3167,159611,20,0
3168,159665,20,0
3169,159736,20,0
3170,159768,55,0
3171,159800,55,0
3172,159841,76,0
3173,159926,76,0
3174,159984,76,0
3175,160018,72,0
3176,160052,72,0
3177,160119,39,0
3178,160188,39,0
3179,160205,22,0
3180,160239,22,0
3181,160319,22,0
3182,160395,60,0
3183,160425,60,0
3184,160456,76,0
3185,160534,76,0
3186,160592,76,0
3187,160609,69,0
3188,160643,69,0
3189,160684,39,0
3190,160811,39,0
3191,160827,18,0
3192,160861,18,0
3193,160895,18,0
3194,160953,49,0
3195,161020,49,0
3196,161059,74,0
3197,161082,74,0
3198,161123,74,0
3199,161189,72,0
3200,161229,72,0
3201,161263,72,0
3202,161302,41,0
3203,161398,41,0
3204,161436,21,0
3205,161454,21,0
3206,161495,21,0
3207,161546,56,0
3208,161601,56,0
3209,161649,56,0
3210,161679,75,0
3211,161733,75,0
3212,161832,73,0
3213,161862,73,73
3214,161900,43,0
3215,161927,43,0
3216,161987,43,0
3217,162039,20,0
3218,162078,20,0
3219,162106,20,0
3220,162169,54,0
3221,162277,54,0
3222,162299,76,0
3223,162329,76,0
3224,162397,71,0
3225,162459,71,0
3226,162494,40,0
3227,162519,40,0
3228,162574,40,0
3229,162634,18,0
3230,162701,18,0
3231,162734,56,0
3232,162765,56,0
3233,162805,56,0
3234,162846,76,0
3235,162912,76,0
3236,162954,76,0
3237,162986,69,0
3238,163098,69,0
3239,163136,35,0
3240,163168,35,0
3241,163233,19,0
3242,163325,19,0
3243,163353,54,0
3244,163387,54,0
3245,163421,54,0
3246,163471,76,0
3247,163535,76,0
3248,163586,73,0
3249,163608,73,0
3250,163686,73,0
3251,163743,45,0
3252,163770,45,0
3253,163799,18,0
3254,163857,18,0
3255,163924,18,0
3256,163955,52,0
3257,163979,52,0
3258,164009,52,0
3259,164082,76,0
3260,164159,76,0
3261,164209,69,0
3262,164291,69,0
3263,164353,30,0
3264,164397,30,0
3265,164421,25,0
3266,164464,25,0
3267,164534,25,0
3268,164582,65,0
3269,164615,65,0
3270,164644,76,0
3271,164729,76,0
3272,164789,76,0
3273,164826,59,0
3274,164855,59,0
3275,164917,21,0
3276,165010,21,0
3277,165044,37,0
3278,165094,37,0
3279,165142,71,0
3280,165204,71,0
3281,165231,71,0
3282,165259,76,0
3283,165301,76,0
3284,165364,76,0
3285,165415,53,0
3286,165451,53,0
3287,165479,18,0
3288,165534,18,0
3289,165591,18,0
3290,165629,48,0
3291,165647,48,0
3292,165679,48,0
3293,165761,75,0
3294,165850,75,75
3295,165882,72,0
3296,165954,72,0
3297,166020,46,0
3298,166082,46,0
3299,166118,17,0
3300,166210,17,0
3301,166260,45,0
3302,166295,45,0
3303,166322,73,0
3304,166364,73,0
3305,166405,73,0
3306,166446,75,0
3307,166499,75,0
3308,166542,75,0
3309,166578,48,0
3310,166664,48,0
3311,166707,19,0
3312,166735,19,0
3313,166760,19,0
3314,166839,52,0
3315,166904,52,0
3316,166956,75,0
3317,166980,75,0
3318,167049,75,0
3319,167126,75,0
3320,167161,54,0
3321,167201,54,0
3322,167282,54,0
3323,167337,20,0
3324,167360,20,0
3325,167400,29,0
3326,167576,29,0
3327,167599,67,0
3328,167639,75,0
3329,167714,75,0
3330,167787,75,0
3331,167821,46,0
3332,167849,46,0
3333,167920,15,0
3334,168003,15,0
3335,168039,49,0
3336,168125,49,0
3337,168194,75,0
3338,168222,75,0
3339,168252,72,0
3340,168337,72,0
3341,168390,38,0
3342,168413,38,0
3343,168453,38,0
3344,168522,13,0
3345,168608,13,0
3346,168639,35,0
3347,168681,35,0
3348,168774,69,0
3349,168825,69,0
3350,168845,77,0
3351,168878,77,0
3352,168966,77,0
3353,169021,60,0
3354,169047,60,0
3355,169079,19,0
3356,169151,19,0
3357,169230,19,0
3358,169253,43,0
3359,169295,43,43
3360,169358,75,0
3361,169426,75,0
3362,169447,69,0
3363,169479,69,0
3364,169525,69,0
3365,169591,24,0
3366,169657,24,0
3367,169692,37,0
3368,169724,37,0
3369,169777,37,0
3370,169820,72,0
3371,169875,72,0
3372,169911,72,0
3373,169963,77,0
3374,170049,77,0
3375,170084,59,0
3376,170136,59,0
3377,170162,21,0
3378,170254,21,0
3379,170293,26,0
3380,170318,26,0
3381,170359,26,0
3382,170422,62,0
3383,170499,62,0
3384,170529,77,0
3385,170623,77,0
3386,170666,77,0
3387,170700,73,0
3388,170719,73,0
3389,170759,44,0
3390,170844,44,0
3391,170904,44,0
3392,170939,16,0
3393,170972,16,0
3394,171021,51,0
3395,171080,51,0
3396,171113,51,0
3397,171164,76,0
3398,171242,76,0
3399,171315,71,0
3400,171344,71,0
3401,171374,30,0
3402,171433,30,0
3403,171485,30,0
3404,171532,32,0
3405,171563,32,0
3406,171599,69,0
3407,171652,69,0
3408,171692,69,0
3409,171746,77,0
3410,171778,77,0
3411,171808,77,0
3412,171896,51,0
3413,171957,51,0
3414,171977,16,0
3415,171999,16,0
3416,172058,16,0
3417,172118,53,0
3418,172187,53,0
3419,172216,77,0
3420,172248,77,0
3421,172322,77,0
3422,172364,71,0
3423,172413,71,0
3424,172439,34,0
3425,172495,34,0
3426,172562,34,0
3427,172612,16,0
3428,172655,16,0
3429,172685,52,0
3430,172800,52,0
3431,172846,76,0
3432,172879,76,0
3433,172950,74,0
3434,173028,74,0
3435,173068,43,0
3436,173090,43,0
3437,173157,43,0
3438,173188,15,0
3439,173238,15,0
3440,173256,15,0
3441,173279,52,0
3442,173346,52,0
3443,173420,52,0
3444,173467,76,0
3445,173499,76,0
3446,173579,73,0
3447,173655,73,0
3448,173685,37,0
3449,173720,37,0
3450,173784,16,0
3451,173859,16,0
3452,173911,16,0
3453,173930,54,0
3454,174007,54,54
3455,174061,76,0
3456,174091,76,0
3457,174120,73,0
3458,174211,73,0
3459,174256,73,0
3460,174309,39,0
3461,174341,39,0
3462,174407,15,0
3463,174497,15,0
3464,174531,49,0
3465,174560,49,0
3466,174618,76,0
3467,174681,76,0
3468,174716,76,0
3469,174742,70,0
3470,174773,70,0
3471,174840,70,0
3472,174890,30,0
3473,174941,30,0
3474,174961,28,0
3475,175054,28,0
3476,175105,28,0
3477,175129,68,0
3478,175162,68,0
3479,175212,78,0
3480,175285,78,0
3481,175334,78,0
3482,175370,62,0
3483,175399,62,0
3484,175467,21,0
3485,175538,21,0
3486,175560,26,0
3487,175599,26,0
3488,175654,26,0
3489,175699,69,0
3490,175725,69,0
3491,175782,69,0
3492,175801,75,0
3493,175866,75,0
3494,175908,75,0
3495,175952,52,0
3496,175993,52,0
3497,176021,52,0
3498,176098,17,0
3499,176178,17,0
3500,176208,37,0
3501,176254,37,0
3502,176354,73,0
3503,176406,73,0
3504,176438,77,0
3505,176489,77,0
3506,176536,53,0
3507,176592,53,0
3508,176626,53,0
3509,176655,15,0
3510,176727,15,0
3511,176792,35,0
3512,176843,35,0
3513,176904,69,0
3514,177001,69,0
3515,177022,77,0
3516,177053,77,0
3517,177094,77,0
3518,177121,53,0
3519,177214,53,0
3520,177242,15,0
3521,177279,15,15
3522,177363,15,0
3523,177420,35,0
3524,177460,35,0
3525,177489,71,0
3526,177552,71,0
3527,177603,71,0
3528,177635,77,0
3529,177653,77,0
3530,177679,77,0
3531,177732,55,0
3532,177802,55,0
3533,177855,17,0
3534,177879,17,0
3535,177920,17,0
3536,177972,31,0
3537,178088,31,0
3538,178122,70,0
3539,178162,70,0
3540,178216,77,0
3541,178299,77,0
3542,178367,51,0
3543,178405,51,0
3544,178438,15,0
3545,178482,15,0
3546,178537,15,0
3547,178572,54,0
3548,178599,54,0
3549,178649,54,0
3550,178703,77,0
3551,178756,77,0
3552,178798,77,0
3553,178841,65,0
3554,178925,65,0
3555,178987,25,0
3556,179022,25,0
3557,179051,24,0
3558,179085,24,0
3559,179158,24,0
3560,179189,64,0
3561,179225,64,0
3562,179238,64,0
3563,179280,77,0
3564,179346,77,0
3565,179423,77,0
3566,179458,71,0
3567,179488,71,0
3568,179546,34,0
3569,179639,34,0
3570,179679,25,0
3571,179741,25,0
3572,179827,68,0
3573,179860,68,0
3574,179889,77,0
3575,179969,77,0
3576,180027,77,0
3577,180078,59,0
3578,180109,59,0
3579,180143,22,0
3580,180302,22,0
3581,180329,26,0
3582,180359,67,0
3583,180414,67,0
3584,180471,67,0
3585,180489,78,0
3586,180519,78,0
3587,180559,78,0
3588,180626,66,0
3589,180704,66,0
3590,180731,27,0
3591,180777,27,0
3592,180799,27,0
3593,180852,16,0
3594,180918,16,0
3595,180952,16,0
3596,180981,57,0
3597,181129,57,0
3598,181149,76,0
3599,181178,76,76
3600,181215,74,0
3601,181288,74,0
3602,181355,43,0
3603,181390,43,0
3604,181420,43,0
3605,181490,19,0
3606,181583,19,0
3607,181606,62,0
3608,181684,62,0
3609,181726,78,0
3610,181782,78,0
3611,181825,68,0
3612,181860,68,0
3613,181942,68,0
3614,181995,31,0
3615,182023,31,0
3616,182043,19,0
3617,182084,19,0
3618,182132,19,0
3619,182190,62,0
3620,182211,62,0
3621,182240,62,0
3622,182294,78,0
3623,182398,78,0
3624,182419,62,0
3625,182449,62,0
3626,182503,62,0
3627,182570,21,0
3628,182610,21,0
3629,182642,29,0
3630,182692,29,0
3631,182753,29,0
3632,182782,71,0
3633,182831,71,0
3634,182860,71,0
3635,182892,76,0
3636,182976,76,0
3637,183037,48,0
3638,183071,48,0
3639,183121,48,0
3640,183178,14,0
3641,183273,14,0
3642,183291,47,0
3643,183322,47,0
3644,183379,74,0
3645,183454,74,0
3646,183489,77,0
3647,183519,77,0
3648,183584,77,0
3649,183627,55,0
3650,183664,55,0
3651,183695,55,0
3652,183748,16,0
3653,183812,16,0
3654,183864,38,0
3655,183885,38,0
3656,183919,38,0
3657,184003,72,0
3658,184076,72,0
3659,184104,76,0
3660,184132,76,0
3661,184190,76,0
3662,184218,52,0
3663,184295,52,0
3664,184324,14,0
3665,184368,14,0
3666,184448,14,0
3667,184524,43,43
3668,184559,74,0
3669,184649,74,0
3670,184717,74,0
3671,184738,77,0
3672,184764,77,0
3673,184799,56,0
3674,184846,56,0
3675,184897,56,0
3676,184940,18,0
3677,184959,18,0
3678,185000,18,0
3679,185066,38,0
3680,185159,38,0
3681,185196,74,0
3682,185223,74,0
3683,185303,74,0
3684,185370,74,0
3685,185399,36,0
3686,185453,36,0
3687,185537,36,0
3688,185581,24,0
3689,185604,24,0
3690,185639,68,0
3691,185713,68,0
3692,185776,68,0
3693,185819,77,0
3694,185852,77,0
3695,185910,66,0
3696,185986,66,0
3697,186048,66,0
3698,186084,34,0
3699,186188,20,0
3700,186225,20,0
3701,186260,61,0
3702,186289,61,0
3703,186343,61,0
3704,186388,77,0
3705,186446,77,0
3706,186479,70,0
3707,186553,70,0
3708,186643,70,0
3709,186664,33,0
3710,186703,33,0
3711,186737,19,0
3712,186811,19,0
